Term/Year Code,Coll,Dept,Degree,Major code,Major Name,Conc code,Concentration Name (if any),Total,Men,Women,Unknown,Caucasian,Asian American,African American,Hispanic,Native American,Hawaiian/Pacific Isl,Multiracial,International,Unknown,All   African American,All    Native American,Illinois,Non-Illinois,Academic Program Code
120118 ,KL ,  ,  ,  ,"Agr, Cons, Env Sci ",  ,  ,  ,  ,  ,  ,  ,  ,  ,  ,  ,  ,  ,  ,  ,  ,  ,  ,  , 
120118 ,KL ,306 ,MS ,5186 ,Bioenergy ,5166 ,Professional Science Masters ,12,10,2,0,10,1,0,0,0,0,0,1,0,0,0,9,3,1PKS5186MS
120118 ,KL ,306 ,MS ,5188 ,Agricultural Production ,5166 ,Professional Science Masters ,8,4,4,0,5,0,0,1,0,0,0,1,1,0,0,6,2,1PKS5188MS
120118 ,KL ,470 ,BS ,0176 ,Agr & Consumer Economics ,5003 ,Agri-Accounting ,92,47,45,0,50,15,6,2,0,0,0,17,2,6,0,74,18,10KL5003BS
120118 ,KL ,470 ,BS ,0176 ,Agr & Consumer Economics ,5004 ,Agri-Finance ,76,63,13,0,56,6,0,4,0,0,2,8,0,1,0,66,10,10KL5004BS
120118 ,KL ,470 ,BS ,0176 ,Agr & Consumer Economics ,5005 ,Farm Management ,20,19,1,0,20,0,0,0,0,0,0,0,0,0,0,20,0,10KL5005BS
120118 ,KL ,470 ,BS ,0176 ,Agr & Consumer Economics ,5006 ,Agribusiness Markets & Mgmt ,129,96,33,0,109,4,5,2,0,0,2,6,1,5,0,119,10,10KL5006BS
120118 ,KL ,470 ,BS ,0176 ,Agr & Consumer Economics ,5007 ,Consumer Economics & Finance ,73,56,17,0,53,8,2,2,0,0,0,7,1,2,1,62,11,10KL5007BS
120118 ,KL ,470 ,BS ,0176 ,Agr & Consumer Economics ,5008 ,Envirnmntal Economics & Policy ,30,21,9,0,18,3,0,2,0,0,1,6,0,0,1,23,7,10KL5008BS
120118 ,KL ,470 ,BS ,0176 ,Agr & Consumer Economics ,5010 ,"Policy, Intl Trade, & Dvlpmt ",42,22,20,0,22,6,2,6,0,0,0,6,0,2,0,33,9,10KL5010BS
120118 ,KL ,470 ,BS ,0176 ,Agr & Consumer Economics ,5011 ,Public Policy and Law ,39,19,20,0,25,4,4,5,0,0,0,1,0,5,0,38,1,10KL5011BS
120118 ,KL ,470 ,BS ,0176 ,Agr & Consumer Economics ,5136 ,Financial Planning ,67,39,28,0,45,4,2,1,0,0,2,13,0,3,0,53,14,10KL5136BS
120118 ,KL ,470 ,MS ,0176 ,Agr & Consumer Economics ,  ,  ,14,8,6,0,6,0,0,0,0,0,0,8,0,0,0,5,9,10KS0176MS
120118 ,KL ,470 ,MS ,5273 ,Agricultural & Applied Econ ,  ,  ,15,5,10,0,7,0,0,1,0,0,0,7,0,0,0,5,10,10KS5273MS
120118 ,KL ,470 ,PHD ,0176 ,Agr & Consumer Economics ,  ,  ,19,12,7,0,4,0,1,1,0,0,0,13,0,1,0,1,18,10KS0176PHD
120118 ,KL ,470 ,PHD ,5273 ,Agricultural & Applied Econ ,  ,  ,22,12,10,0,3,2,0,1,0,0,0,16,0,0,0,1,21,10KS5273PHD
120118 ,KL ,483 ,NDEG ,0067 ,Nondegree ,  ,  ,87,51,36,0,57,1,1,2,0,0,1,24,1,1,1,61,26,10KL0067NDEG
120118 ,KL ,538 ,BS ,0002 ,Animal Sciences ,0005 ,Animal Business Mgt and Ind ,3,1,2,0,3,0,0,0,0,0,0,0,0,0,0,3,0,10KL0005BS
120118 ,KL ,538 ,BS ,0002 ,Animal Sciences ,0006 ,"Companion,Rec,Lab An Sci ",36,6,30,0,29,1,2,4,0,0,0,0,0,2,0,35,1,10KL0006BS
120118 ,KL ,538 ,BS ,0002 ,Animal Sciences ,0007 ,Food Animal Science ,8,3,5,0,8,0,0,0,0,0,0,0,0,0,0,8,0,10KL0007BS
120118 ,KL ,538 ,BS ,0002 ,Animal Sciences ,0008 ,"Science, Biotech & Pre-VetMed ",101,12,89,0,80,8,2,9,1,0,1,0,0,3,3,99,2,10KL0008BS
120118 ,KL ,538 ,BS ,0002 ,Animal Sciences ,5267 ,Technology and Management ,10,4,6,0,10,0,0,0,0,0,0,0,0,0,0,10,0,10KL0002BS
120118 ,KL ,538 ,BS ,0002 ,Animal Sciences ,5268 ,Companion Animal & Equine Sci ,75,10,65,0,59,2,6,4,0,1,1,2,0,6,1,72,3,10KL0002BS
120118 ,KL ,538 ,BS ,0002 ,Animal Sciences ,5269 ,"Science, Pre-Vet Med and Med ",232,43,188,1,175,13,13,22,0,0,5,3,1,14,3,220,12,10KL0002BS
120118 ,KL ,538 ,MS ,0002 ,Animal Sciences ,  ,  ,50,23,27,0,36,1,0,1,0,0,1,11,0,0,0,32,18,10KS0002MS
120118 ,KL ,538 ,MS ,4026 ,Bioinformatics ,5099 ,Animal Science ,4,4,0,0,0,0,0,0,0,0,0,4,0,0,0,0,4,10KS5099MS
120118 ,KL ,538 ,PHD ,0002 ,Animal Sciences ,  ,  ,45,28,17,0,19,0,1,1,0,0,0,24,0,1,0,13,32,10KS0002PHD
120118 ,KL ,698 ,BS ,0037 ,Food Science & Human Nutrition ,0038 ,Food Science ,107,29,78,0,53,20,4,4,0,0,1,25,0,4,2,80,27,10KL0038BS
120118 ,KL ,698 ,BS ,0037 ,Food Science & Human Nutrition ,0039 ,Food Industry and Business ,31,13,18,0,19,2,1,4,0,0,0,5,0,1,0,24,7,10KL0039BS
120118 ,KL ,698 ,BS ,0037 ,Food Science & Human Nutrition ,0040 ,Human Nutrition ,119,20,99,0,71,19,8,10,0,0,1,10,0,8,0,104,15,10KL0040BS
120118 ,KL ,698 ,BS ,0037 ,Food Science & Human Nutrition ,0041 ,Dietetics ,87,2,85,0,65,8,1,3,0,0,1,7,2,1,1,75,12,10KL0041BS
120118 ,KL ,698 ,BS ,0037 ,Food Science & Human Nutrition ,0042 ,Hospitality Management ,70,21,49,0,43,5,2,7,0,0,3,10,0,3,1,59,11,10KL0042BS
120118 ,KL ,698 ,MS ,0037 ,Food Science & Human Nutrition ,  ,  ,3,1,2,0,0,0,0,0,0,0,0,3,0,0,0,0,3,10KS0037MS
120118 ,KL ,698 ,MS ,0037 ,Food Science & Human Nutrition ,  ,  ,1,0,1,0,1,0,0,0,0,0,0,0,0,0,0,1,0,1PKS0037MS
120118 ,KL ,698 ,MS ,0037 ,Food Science & Human Nutrition ,0038 ,Food Science ,23,9,14,0,12,2,1,0,0,0,0,8,0,1,0,9,14,10KS0037MS
120118 ,KL ,698 ,MS ,0037 ,Food Science & Human Nutrition ,0040 ,Human Nutrition ,6,0,6,0,3,0,1,0,0,0,0,2,0,1,0,3,3,10KS0037MS
120118 ,KL ,698 ,MS ,0037 ,Food Science & Human Nutrition ,5166 ,Professional Science Masters ,10,2,8,0,2,2,0,0,0,0,1,5,0,0,0,4,6,1PKS0037MS
120118 ,KL ,698 ,PHD ,0037 ,Food Science & Human Nutrition ,  ,  ,20,6,14,0,6,0,0,0,0,0,0,14,0,0,0,3,17,10KS0037PHD
120118 ,KL ,698 ,PHD ,0037 ,Food Science & Human Nutrition ,0038 ,Food Science ,11,3,8,0,3,1,0,0,0,0,0,7,0,0,0,3,8,10KS0037PHD
120118 ,KL ,698 ,PHD ,0037 ,Food Science & Human Nutrition ,0040 ,Human Nutrition ,5,1,4,0,0,2,0,0,0,0,0,3,0,0,0,1,4,10KS0037PHD
120118 ,KL ,741 ,BS ,0025 ,Technical Systems Management ,  ,  ,189,175,14,0,126,15,12,20,0,0,2,13,1,12,0,171,18,10KL0025BS
120118 ,KL ,741 ,BSAG ,0029 ,Agr Engineering & Agr Science ,  ,  ,21,18,3,0,17,1,1,1,0,0,1,0,0,2,0,20,1,10KL0029BSAG
120118 ,KL ,741 ,BSAG ,5163 ,Agricultural & Biological Engr ,  ,  ,38,28,10,0,22,6,4,2,0,0,1,3,0,4,0,32,6,10KL5163BSAG
120118 ,KL ,741 ,MS ,0025 ,Technical Systems Management ,  ,  ,2,2,0,0,1,0,0,0,0,0,0,1,0,0,0,0,2,10KS0025MS
120118 ,KL ,741 ,MS ,0025 ,Technical Systems Management ,5166 ,Professional Science Masters ,4,3,1,0,1,0,1,0,0,0,0,2,0,1,0,2,2,1PKS0025MS
120118 ,KL ,793 ,BS ,0043 ,Agr & Environmental Cmc & Educ ,0046 ,Agricultural Leadership ,18,6,12,0,14,0,2,1,0,0,1,0,0,3,0,18,0,10KL0046BS
120118 ,KL ,793 ,BS ,0043 ,Agr & Environmental Cmc & Educ ,0047 ,Agricultural Education ,22,7,15,0,20,1,1,0,0,0,0,0,0,1,0,20,2,10KL0047BS
120118 ,KL ,793 ,BS ,0043 ,Agr & Environmental Cmc & Educ ,5033 ,"Agr, Cons, Env Sci Communictn ",38,6,32,0,33,1,2,0,0,0,1,1,0,3,1,37,1,10KL5033BS
120118 ,KL ,793 ,BS ,0048 ,Human Development & Family St ,0049 ,Child and Adolescent Dev ,147,9,138,0,101,12,18,10,1,1,1,2,1,18,1,139,8,10KL0049BS
120118 ,KL ,793 ,BS ,0048 ,Human Development & Family St ,0050 ,Family Studies ,70,7,63,0,48,1,8,10,1,0,2,0,0,9,1,63,7,10KL0050BS
120118 ,KL ,793 ,MS ,0181 ,Agricultural Education ,  ,  ,8,1,7,0,7,0,0,0,0,0,1,0,0,0,0,7,1,10KS0181MS
120118 ,KL ,793 ,MS ,0183 ,Human & Community Development ,  ,  ,1,0,1,0,1,0,0,0,0,0,0,0,0,0,0,1,0,10KS0183MS
120118 ,KL ,793 ,NONE ,0048 ,Human Development & Family St ,  ,  ,1,0,1,0,0,0,1,0,0,0,0,0,0,1,0,1,0,10KL0048NONE
120118 ,KL ,793 ,PHD ,0183 ,Human & Community Development ,  ,  ,19,4,15,0,13,1,2,0,0,0,1,2,0,2,0,6,13,10KS0183PHD
120118 ,KL ,793 ,PHD ,0183 ,Human & Community Development ,5126 ,Human Development & Family St ,8,3,5,0,4,2,1,1,0,0,0,0,0,1,0,2,6,10KS0183PHD
120118 ,KL ,802 ,BS ,0030 ,Crop Sciences ,0031 ,Agroecology ,3,2,1,0,3,0,0,0,0,0,0,0,0,0,0,3,0,10KL0031BS
120118 ,KL ,802 ,BS ,0030 ,Crop Sciences ,0033 ,Crops ,22,19,3,0,22,0,0,0,0,0,0,0,0,0,0,22,0,10KL0033BS
120118 ,KL ,802 ,BS ,0030 ,Crop Sciences ,0034 ,Crop Agribusiness ,38,30,8,0,38,0,0,0,0,0,0,0,0,0,0,38,0,10KL0034BS
120118 ,KL ,802 ,BS ,0030 ,Crop Sciences ,0035 ,Plant Biotech & Molecular Bio ,26,17,9,0,20,0,0,0,1,0,1,4,0,1,1,22,4,10KL0035BS
120118 ,KL ,802 ,BS ,0030 ,Crop Sciences ,0036 ,Biological Sciences ,3,3,0,0,2,0,1,0,0,0,0,0,0,1,0,3,0,10KL0036BS
120118 ,KL ,802 ,BS ,0030 ,Crop Sciences ,5123 ,Integrated Pest Management ,1,0,1,0,1,0,0,0,0,0,0,0,0,0,0,1,0,10KL5123BS
120118 ,KL ,802 ,BS ,0063 ,Horticulture ,0064 ,Horticulture Science ,4,3,1,0,3,0,0,1,0,0,0,0,0,0,0,4,0,10KL0063BS
120118 ,KL ,802 ,BS ,0063 ,Horticulture ,0064 ,Horticulture Science ,1,1,0,0,1,0,0,0,0,0,0,0,0,0,0,1,0,10KL0064BS
120118 ,KL ,802 ,BS ,0063 ,Horticulture ,0065 ,Production and Management ,16,10,6,0,15,0,1,0,0,0,0,0,0,1,0,15,1,10KL0063BS
120118 ,KL ,802 ,BS ,0063 ,Horticulture ,0065 ,Production and Management ,9,6,3,0,6,1,0,0,0,0,0,1,1,0,0,8,1,10KL0065BS
120118 ,KL ,802 ,BS ,0063 ,Horticulture ,5301 ,Specialty Crops ,3,1,2,0,3,0,0,0,0,0,0,0,0,0,0,3,0,10KL0063BS
120118 ,KL ,802 ,MS ,0030 ,Crop Sciences ,  ,  ,48,35,13,0,31,3,1,0,0,0,0,12,1,1,0,27,21,10KS0030MS
120118 ,KL ,802 ,MS ,0179 ,Plant Pathology ,  ,  ,1,0,1,0,0,0,0,0,0,0,0,1,0,0,0,0,1,10KS0179MS
120118 ,KL ,802 ,MS ,4026 ,Bioinformatics ,5100 ,Crop Science ,6,4,2,0,2,0,0,0,0,0,0,4,0,0,0,0,6,10KS5100MS
120118 ,KL ,802 ,NONE ,0030 ,Crop Sciences ,  ,  ,1,1,0,0,1,0,0,0,0,0,0,0,0,0,0,1,0,10KL0030NONE
120118 ,KL ,802 ,PHD ,0030 ,Crop Sciences ,  ,  ,56,40,16,0,28,3,0,0,0,0,0,25,0,0,0,17,39,10KS0030PHD
120118 ,KL ,875 ,BS ,0051 ,Natural Resrcs & Environ Sci ,  ,  ,1,1,0,0,1,0,0,0,0,0,0,0,0,0,0,1,0,10KL0051BS
120118 ,KL ,875 ,BS ,0051 ,Natural Resrcs & Environ Sci ,0057 ,Fish and Wildlife Conservation ,42,21,21,0,38,3,0,0,0,0,1,0,0,0,0,42,0,10KL0051BS
120118 ,KL ,875 ,BS ,0051 ,Natural Resrcs & Environ Sci ,0057 ,Fish and Wildlife Conservation ,18,9,9,0,14,0,0,2,0,0,0,2,0,0,0,16,2,10KL0057BS
120118 ,KL ,875 ,BS ,0051 ,Natural Resrcs & Environ Sci ,3870 ,Forest Science ,3,3,0,0,2,0,0,1,0,0,0,0,0,0,0,3,0,10KL3870BS
120118 ,KL ,875 ,BS ,0051 ,Natural Resrcs & Environ Sci ,3871 ,Human Dimensions ,6,2,4,0,4,0,1,1,0,0,0,0,0,1,0,6,0,10KL3871BS
120118 ,KL ,875 ,BS ,0051 ,Natural Resrcs & Environ Sci ,3872 ,Resource Ecology ,7,6,1,0,6,0,0,0,0,0,0,1,0,0,0,6,1,10KL3872BS
120118 ,KL ,875 ,BS ,0051 ,Natural Resrcs & Environ Sci ,3873 ,Soil and Water Science ,4,3,1,0,3,1,0,0,0,0,0,0,0,0,0,3,1,10KL3873BS
120118 ,KL ,875 ,BS ,0051 ,Natural Resrcs & Environ Sci ,5239 ,Humn Dimnsns of the Environmnt ,56,27,29,0,44,3,1,1,0,0,2,5,0,1,1,49,7,10KL0051BS
120118 ,KL ,875 ,BS ,0051 ,Natural Resrcs & Environ Sci ,5240 ,Resrce Cons & Restoration Ecol ,77,36,41,0,58,3,0,3,0,0,4,9,0,1,0,66,11,10KL0051BS
120118 ,KL ,875 ,BS ,0051 ,Natural Resrcs & Environ Sci ,5241 ,Globl Chg & Landscape Dynamics ,21,14,7,0,15,1,1,0,0,0,1,3,0,1,0,18,3,10KL0051BS
120118 ,KL ,875 ,MS ,0190 ,Natural Res & Env Sciences ,  ,  ,47,24,23,0,37,1,0,1,1,0,0,7,0,0,1,15,32,10KS0190MS
120118 ,KL ,875 ,MS ,0190 ,Natural Res & Env Sciences ,  ,  ,1,0,1,0,1,0,0,0,0,0,0,0,0,0,0,1,0,10KS0190MSU
120118 ,KL ,875 ,PHD ,0190 ,Natural Res & Env Sciences ,  ,  ,30,21,9,0,19,0,0,1,0,0,0,10,0,0,0,11,19,10KS0190PHD
120118 ,KL ,971 ,MS ,0191 ,Nutritional Sciences ,  ,  ,22,8,14,0,13,4,2,0,0,0,0,3,0,2,0,10,12,10KS0191MS
120118 ,KL ,971 ,PHD ,0191 ,Nutritional Sciences ,  ,  ,27,6,21,0,16,3,0,2,0,0,0,6,0,0,0,10,17,10KS0191PHD
120118 ,KL ,  ,  ,  ,"Agr, Cons, Env Sci ",  ,***College total*** ,2988,1347,1640,1,2042,206,126,157,5,2,43,394,13,138,20,2375,613, 
 ,,,,,,,,,,,,,,,,,,,,,,,,,
 ,,,,,,,,,,,,,,,,,,,,,,,,,
120118 ,KM ,  ,  ,  ,Business ,  ,  ,  ,  ,  ,  ,  ,  ,  ,  ,  ,  ,  ,  ,  ,  ,  ,  ,  , 
120118 ,KM ,230 ,MBA ,9875 ,Business Administration (MBA) ,  ,  ,217,157,60,0,82,20,11,7,0,1,3,87,6,11,2,89,128,10KS9875MBA
120118 ,KM ,230 ,MBA ,9875 ,Business Administration (MBA) ,4064 ,MBA ,80,60,20,0,52,6,6,2,0,0,2,8,4,7,1,80,0,10KS4064MBA
120118 ,KM ,260 ,BS ,0075 ,Finance ,  ,  ,492,358,134,0,292,75,9,22,0,1,7,86,0,9,1,374,118,10KM0075BS
120118 ,KM ,260 ,MS ,0075 ,Finance ,  ,  ,3,2,1,0,1,0,0,1,0,0,0,1,0,1,0,0,3,10KS0075MS
120118 ,KM ,260 ,MS ,0075 ,Finance ,  ,  ,142,73,69,0,11,3,0,0,0,0,1,127,0,1,0,8,134,10KS0075MSK
120118 ,KM ,260 ,PHD ,0075 ,Finance ,  ,  ,25,15,10,0,1,2,0,0,0,0,0,22,0,0,0,1,24,10KS0075PHD
120118 ,KM ,346 ,BS ,0071 ,Accountancy ,  ,  ,942,517,425,0,455,181,33,56,2,2,7,204,2,35,3,677,265,10KM0071BS
120118 ,KM ,346 ,MAS ,0071 ,Accountancy ,  ,  ,187,101,86,0,101,39,3,9,0,0,2,33,0,4,1,149,38,10KS0071MAS
120118 ,KM ,346 ,MAS ,0071 ,Accountancy ,5101 ,Taxation ,1,0,1,0,0,1,0,0,0,0,0,0,0,0,0,0,1,10KS0071MAS
120118 ,KM ,346 ,MS ,0071 ,Accountancy ,  ,  ,146,33,113,0,2,7,0,0,0,0,0,137,0,0,0,4,142,10KS0071MSK
120118 ,KM ,346 ,MS ,5187 ,Taxation ,  ,  ,21,6,15,0,12,2,0,2,0,0,0,4,1,0,0,13,8,10KS5187MSK2
120118 ,KM ,346 ,PHD ,0071 ,Accountancy ,  ,  ,21,11,10,0,13,0,0,1,0,0,1,6,0,0,1,5,16,10KS0071PHD
120118 ,KM ,902 ,BS ,0079 ,Business Administration ,0081 ,Organizational Administration ,1,1,0,0,0,0,0,0,0,0,0,1,0,0,0,0,1,10KM0081BS
120118 ,KM ,902 ,BS ,1432 ,Marketing ,  ,  ,103,40,63,0,57,13,11,9,0,0,1,10,2,12,0,83,20,10KM1432BS
120118 ,KM ,902 ,BS ,1432 ,Marketing ,  ,  ,102,32,70,0,72,6,7,15,0,0,1,1,0,7,0,91,11,10KM8037BS
120118 ,KM ,902 ,BS ,5070 ,Information Sys & Info Tech ,  ,  ,19,15,4,0,12,3,0,2,0,0,0,2,0,0,0,14,5,10KM5070BS
120118 ,KM ,902 ,BS ,5070 ,Information Sys & Info Tech ,  ,  ,16,13,3,0,9,5,0,1,0,0,0,1,0,0,0,13,3,10KM8037BS
120118 ,KM ,902 ,BS ,5071 ,Supply Chain Management ,  ,  ,20,10,10,0,15,4,0,0,0,0,0,0,1,0,0,18,2,10KM5071BS
120118 ,KM ,902 ,BS ,5071 ,Supply Chain Management ,  ,  ,30,17,13,0,24,2,0,1,0,0,0,3,0,0,0,26,4,10KM8037BS
120118 ,KM ,902 ,BS ,5072 ,Business Process Management ,  ,  ,20,14,6,0,16,1,0,1,0,0,0,2,0,0,0,15,5,10KM5072BS
120118 ,KM ,902 ,BS ,5072 ,Business Process Management ,  ,  ,11,4,7,0,9,0,1,1,0,0,0,0,0,1,0,10,1,10KM8037BS
120118 ,KM ,902 ,BS ,5073 ,Management ,  ,  ,1,1,0,0,1,0,0,0,0,0,0,0,0,0,0,1,0,10KM5073BS
120118 ,KM ,902 ,BS ,5073 ,Management ,0086 ,Entrepreneurship ,25,17,8,0,17,3,1,3,0,0,0,1,0,1,0,22,3,10KM5073BS
120118 ,KM ,902 ,BS ,5073 ,Management ,0086 ,Entrepreneurship ,8,4,4,0,6,0,2,0,0,0,0,0,0,2,0,8,0,10KM8037BS
120118 ,KM ,902 ,BS ,5073 ,Management ,5074 ,International Business ,37,20,17,0,18,8,2,6,0,0,2,1,0,2,1,34,3,10KM5073BS
120118 ,KM ,902 ,BS ,5073 ,Management ,5074 ,International Business ,13,4,9,0,10,1,1,1,0,0,0,0,0,1,0,13,0,10KM8037BS
120118 ,KM ,902 ,BS ,5073 ,Management ,5075 ,General Management ,52,30,22,0,34,7,3,5,0,0,0,3,0,3,0,45,7,10KM5073BS
120118 ,KM ,902 ,BS ,5073 ,Management ,5075 ,General Management ,14,1,13,0,7,3,2,1,0,0,1,0,0,2,0,11,3,10KM8037BS
120118 ,KM ,902 ,MS ,5148 ,Technology Management ,  ,  ,81,56,24,1,10,1,1,0,0,0,1,67,1,1,0,13,68,10KS5148MSK
120118 ,KM ,902 ,PHD ,0079 ,Business Administration ,  ,  ,43,24,19,0,9,2,1,0,0,0,0,31,0,1,0,1,42,10KS0079PHD
120118 ,KM ,938 ,MBA ,9875 ,Business Administration (MBA) ,3924 ,Executive Program ,47,34,13,0,28,7,5,1,2,0,0,1,3,5,2,44,3,10KS3924MBA2
120118 ,KM ,952 ,NDEG ,0067 ,Nondegree ,  ,  ,91,57,34,0,0,0,0,0,0,0,0,90,1,0,0,0,91,10KM0067NDEG
120118 ,KM ,952 ,NONE ,0070 ,Curric Unassigned ,  ,  ,1032,583,449,0,647,144,36,75,0,0,22,102,6,44,4,845,187,10KM0070NONE
120118 ,KM ,  ,  ,  ,Business ,  ,***College total*** ,4043,2310,1732,1,2023,546,135,222,4,4,51,1031,27,150,16,2707,1336, 
 ,,,,,,,,,,,,,,,,,,,,,,,,,
 ,,,,,,,,,,,,,,,,,,,,,,,,,
120118 ,KN ,  ,  ,  ,Education ,  ,  ,  ,  ,  ,  ,  ,  ,  ,  ,  ,  ,  ,  ,  ,  ,  ,  ,  , 
120118 ,KN ,335 ,NDEG ,0067 ,Nondegree ,  ,  ,9,3,6,0,9,0,0,0,0,0,0,0,0,0,0,9,0,10KN0067NDEG
120118 ,KN ,335 ,NONE ,4089 ,Pre-Early Chld/Elem Ed/Spec Ed ,  ,  ,270,18,252,0,197,27,9,27,0,1,4,3,2,10,3,264,6,10KN4089NONE
120118 ,KN ,570 ,BS ,0093 ,Special Education ,  ,  ,76,9,67,0,66,4,0,2,0,0,3,1,0,0,0,75,1,10KN0093BS
120118 ,KN ,570 ,CAS ,0093 ,Special Education ,  ,  ,1,1,0,0,1,0,0,0,0,0,0,0,0,0,0,1,0,10KS0093CAS
120118 ,KN ,570 ,EDM ,0093 ,Special Education ,  ,  ,31,5,26,0,27,0,3,1,0,0,0,0,0,3,0,26,5,10KS0093EDM
120118 ,KN ,570 ,MS ,0093 ,Special Education ,  ,  ,1,0,1,0,1,0,0,0,0,0,0,0,0,0,0,0,1,10KS0093MS
120118 ,KN ,570 ,PHD ,0093 ,Special Education ,  ,  ,23,1,22,0,12,0,5,2,0,0,0,4,0,5,0,12,11,10KS0093PHD
120118 ,KN ,613 ,BS ,0094 ,Early Childhood Education ,3966 ,ECh: Geography ,1,0,1,0,1,0,0,0,0,0,0,0,0,0,0,1,0,10KN3966BS
120118 ,KN ,613 ,BS ,0094 ,Early Childhood Education ,3967 ,ECh: History ,4,0,4,0,2,0,2,0,0,0,0,0,0,2,0,4,0,10KN3967BS
120118 ,KN ,613 ,BS ,0094 ,Early Childhood Education ,3968 ,ECh: Language arts ,9,0,9,0,3,3,2,1,0,0,0,0,0,2,0,9,0,10KN3968BS
120118 ,KN ,613 ,BS ,0094 ,Early Childhood Education ,3969 ,ECh: Linguistics ,2,0,2,0,2,0,0,0,0,0,0,0,0,0,0,2,0,10KN3969BS
120118 ,KN ,613 ,BS ,0094 ,Early Childhood Education ,3970 ,ECh: Mathematics ,6,0,6,0,4,2,0,0,0,0,0,0,0,0,0,5,1,10KN3970BS
120118 ,KN ,613 ,BS ,0094 ,Early Childhood Education ,3975 ,ECh: Psychology ,7,0,7,0,4,1,0,1,0,0,0,1,0,0,0,5,2,10KN3975BS
120118 ,KN ,613 ,BS ,0094 ,Early Childhood Education ,3976 ,ECh: Sociology ,3,0,3,0,2,0,1,0,0,0,0,0,0,1,0,3,0,10KN3976BS
120118 ,KN ,613 ,BS ,0094 ,Early Childhood Education ,4014 ,ECh: Spanish ,6,0,6,0,4,0,1,1,0,0,0,0,0,1,0,6,0,10KN4014BS
120118 ,KN ,613 ,BS ,0095 ,Elementary Education ,3936 ,EIEd: Anthropology ,1,0,1,0,0,1,0,0,0,0,0,0,0,0,0,1,0,10KN3936BS
120118 ,KN ,613 ,BS ,0095 ,Elementary Education ,3942 ,EIEd: Earth Science ,1,0,1,0,1,0,0,0,0,0,0,0,0,0,0,1,0,10KN3942BS
120118 ,KN ,613 ,BS ,0095 ,Elementary Education ,3945 ,EIEd: Geography ,1,0,1,0,1,0,0,0,0,0,0,0,0,0,0,1,0,10KN3945BS
120118 ,KN ,613 ,BS ,0095 ,Elementary Education ,3946 ,EIEd: History ,11,2,9,0,10,0,0,0,0,0,1,0,0,0,0,9,2,10KN3946BS
120118 ,KN ,613 ,BS ,0095 ,Elementary Education ,3947 ,EIEd: Language Arts ,68,3,65,0,55,4,3,3,1,0,2,0,0,4,2,68,0,10KN3947BS
120118 ,KN ,613 ,BS ,0095 ,Elementary Education ,3949 ,EIEd: Mathematics ,100,8,92,0,79,13,1,4,0,1,2,0,0,2,0,96,4,10KN3949BS
120118 ,KN ,613 ,BS ,0095 ,Elementary Education ,3950 ,EIEd: Music ,3,0,3,0,3,0,0,0,0,0,0,0,0,0,0,3,0,10KN3950BS
120118 ,KN ,613 ,BS ,0095 ,Elementary Education ,3951 ,EIEd: Philosophy ,1,0,0,1,1,0,0,0,0,0,0,0,0,0,0,1,0,10KN3951BS
120118 ,KN ,613 ,BS ,0095 ,Elementary Education ,3953 ,EIEd: Political Science ,1,0,1,0,1,0,0,0,0,0,0,0,0,0,0,1,0,10KN3953BS
120118 ,KN ,613 ,BS ,0095 ,Elementary Education ,3954 ,ElEd: Psychology ,14,0,14,0,12,0,0,1,0,0,0,1,0,0,0,13,1,10KN3954BS
120118 ,KN ,613 ,BS ,0095 ,Elementary Education ,3955 ,ElEd: Sociology ,7,0,7,0,6,0,1,0,0,0,0,0,0,1,0,7,0,10KN3955BS
120118 ,KN ,613 ,BS ,0095 ,Elementary Education ,3956 ,EIEd: Theatre ,2,0,2,0,2,0,0,0,0,0,0,0,0,0,0,2,0,10KN3956BS
120118 ,KN ,613 ,BS ,0095 ,Elementary Education ,3996 ,EIEd: French ,4,0,4,0,3,0,0,1,0,0,0,0,0,0,0,4,0,10KN3996BS
120118 ,KN ,613 ,BS ,0095 ,Elementary Education ,4004 ,EIEd: Spanish ,35,4,31,0,30,1,1,3,0,0,0,0,0,1,0,34,1,10KN4004BS
120118 ,KN ,613 ,BS ,0095 ,Elementary Education ,5193 ,General Sciences ,14,1,13,0,14,0,0,0,0,0,0,0,0,0,0,14,0,10KN5193BS
120118 ,KN ,613 ,BS ,0095 ,Elementary Education ,5194 ,ESL/Bilingual Education ,10,1,9,0,6,4,0,0,0,0,0,0,0,0,0,9,1,10KN5194BS
120118 ,KN ,613 ,CAS ,0095 ,Elementary Education ,  ,  ,1,0,1,0,1,0,0,0,0,0,0,0,0,0,0,1,0,10KS0095CAS
120118 ,KN ,613 ,CAS ,1144 ,Curriculum and Instruction ,  ,  ,1,0,1,0,0,0,0,0,0,0,1,0,0,1,0,1,0,10KS1144CAS
120118 ,KN ,613 ,EDD ,0215 ,Secondary & Continuing Educ ,  ,  ,1,0,1,0,1,0,0,0,0,0,0,0,0,0,0,1,0,10KS0215EDD
120118 ,KN ,613 ,EDD ,1144 ,Curriculum and Instruction ,  ,  ,11,4,7,0,6,1,3,0,1,0,0,0,0,3,1,8,3,10KS1144EDD
120118 ,KN ,613 ,EDM ,0095 ,Elementary Education ,  ,  ,10,1,9,0,6,1,2,1,0,0,0,0,0,2,0,10,0,10KS0095EDM
120118 ,KN ,613 ,EDM ,0095 ,Elementary Education ,0211 ,Elementary Ed - Cert ,8,1,7,0,4,1,2,0,0,0,1,0,0,2,0,8,0,10KS0211EDM
120118 ,KN ,613 ,EDM ,1144 ,Curriculum and Instruction ,  ,  ,55,8,47,0,38,7,2,2,0,0,1,5,0,3,0,50,5,10KS1144EDM
120118 ,KN ,613 ,EDM ,5082 ,Early Childhood Education ,  ,  ,1,0,1,0,1,0,0,0,0,0,0,0,0,0,0,1,0,10KS5082EDM
120118 ,KN ,613 ,EDM ,8527 ,Secondary Education ,  ,  ,2,1,1,0,2,0,0,0,0,0,0,0,0,0,0,2,0,10KS8527EDM
120118 ,KN ,613 ,EDM ,8527 ,Secondary Education ,5224 ,English ,3,1,2,0,2,1,0,0,0,0,0,0,0,0,0,3,0,10KS8527EDM
120118 ,KN ,613 ,EDM ,8527 ,Secondary Education ,5225 ,Social Studies ,2,0,2,0,2,0,0,0,0,0,0,0,0,0,0,2,0,10KS8527EDM
120118 ,KN ,613 ,EDM ,8527 ,Secondary Education ,5226 ,Sciences ,1,0,1,0,1,0,0,0,0,0,0,0,0,0,0,1,0,10KS8527EDM
120118 ,KN ,613 ,MA ,1144 ,Curriculum and Instruction ,  ,  ,5,0,5,0,1,0,1,1,0,0,0,2,0,1,0,3,2,10KS1144MA
120118 ,KN ,613 ,MS ,1144 ,Curriculum and Instruction ,  ,  ,1,0,1,0,0,0,0,0,0,0,0,1,0,0,0,0,1,10KS1144MS
120118 ,KN ,613 ,PHD ,0095 ,Elementary Education ,  ,  ,14,1,13,0,4,0,1,1,0,0,0,8,0,1,0,5,9,10KS0095PHD
120118 ,KN ,613 ,PHD ,0215 ,Secondary & Continuing Educ ,  ,  ,24,7,17,0,6,1,0,1,0,0,0,16,0,0,0,6,18,10KS0215PHD
120118 ,KN ,613 ,PHD ,1144 ,Curriculum and Instruction ,  ,  ,48,10,38,0,24,2,2,4,0,0,0,16,0,2,0,19,29,10KS1144PHD
120118 ,KN ,616 ,EDM ,0210 ,Educational Psychology ,  ,  ,1,0,1,0,0,0,0,0,0,0,1,0,0,0,1,1,0,10KS0210EDM
120118 ,KN ,616 ,EDM ,0210 ,Educational Psychology ,  ,  ,1,1,0,0,1,0,0,0,0,0,0,0,0,0,0,1,0,10KS0210EDMU
120118 ,KN ,616 ,MS ,0210 ,Educational Psychology ,  ,  ,1,0,1,0,0,0,0,0,0,0,0,1,0,0,0,0,1,10KS0210MS
120118 ,KN ,616 ,PHD ,0210 ,Educational Psychology ,  ,  ,76,17,59,0,25,2,8,9,0,0,2,30,0,11,2,16,60,10KS0210PHD
120118 ,KN ,760 ,CAS ,0209 ,Ed Organization and Leadership ,  ,  ,3,1,2,0,3,0,0,0,0,0,0,0,0,0,0,3,0,10KS0209CAS
120118 ,KN ,760 ,CAS ,0209 ,Ed Organization and Leadership ,  ,  ,2,0,2,0,2,0,0,0,0,0,0,0,0,0,0,2,0,10KS0209CASX
120118 ,KN ,760 ,CAS ,0209 ,Ed Organization and Leadership ,5097 ,Educational Admin & Leadership ,3,2,1,0,0,0,2,0,0,0,0,0,1,2,0,3,0,10KS0209CAS
120118 ,KN ,760 ,CAS ,4096 ,Human Resource Education ,  ,  ,1,1,0,0,0,0,1,0,0,0,0,0,0,1,0,1,0,10KS4096CAS
120118 ,KN ,760 ,EDD ,0209 ,Ed Organization and Leadership ,  ,  ,20,12,8,0,20,0,0,0,0,0,0,0,0,0,0,20,0,10KS0209EDD
120118 ,KN ,760 ,EDD ,0209 ,Ed Organization and Leadership ,  ,  ,1,0,1,0,1,0,0,0,0,0,0,0,0,0,0,1,0,10KS0209EDDX
120118 ,KN ,760 ,EDD ,0209 ,Ed Organization and Leadership ,5096 ,Higher Education ,4,2,2,0,3,1,0,0,0,0,0,0,0,0,0,4,0,10KS0209EDD
120118 ,KN ,760 ,EDD ,0209 ,Ed Organization and Leadership ,5097 ,Educational Admin & Leadership ,6,5,1,0,5,1,0,0,0,0,0,0,0,0,0,6,0,10KS0209EDD
120118 ,KN ,760 ,EDD ,0220 ,Educational Policy Studies ,  ,  ,1,0,1,0,0,0,0,1,0,0,0,0,0,0,0,0,1,10KS0220EDD
120118 ,KN ,760 ,EDD ,4096 ,Human Resource Education ,  ,  ,1,1,0,0,0,0,0,0,0,0,0,1,0,0,0,0,1,10KS4096EDD
120118 ,KN ,760 ,EDD ,4096 ,Human Resource Education ,5137 ,Human Resource Development ,3,1,2,0,1,0,1,0,0,0,0,1,0,1,0,2,1,10KS4096EDD
120118 ,KN ,760 ,EDM ,0209 ,Ed Organization and Leadership ,  ,  ,14,7,7,0,8,1,5,0,0,0,0,0,0,5,0,11,3,10KS0209EDM
120118 ,KN ,760 ,EDM ,0209 ,Ed Organization and Leadership ,  ,  ,17,6,11,0,14,1,0,2,0,0,0,0,0,0,0,16,1,10KS0209EDMX
120118 ,KN ,760 ,EDM ,0209 ,Ed Organization and Leadership ,5096 ,Higher Education ,24,6,18,0,18,1,2,2,0,0,1,0,0,2,0,23,1,10KS0209EDM
120118 ,KN ,760 ,EDM ,0209 ,Ed Organization and Leadership ,5097 ,Educational Admin & Leadership ,24,5,19,0,17,0,6,1,0,0,0,0,0,6,0,23,1,10KS0209EDM
120118 ,KN ,760 ,EDM ,0220 ,Educational Policy Studies ,  ,  ,3,1,2,0,0,0,1,0,0,0,1,1,0,2,0,1,2,10KS0220EDM
120118 ,KN ,760 ,EDM ,4096 ,Human Resource Education ,  ,  ,6,4,2,0,4,1,0,0,0,0,0,1,0,0,0,5,1,10KS4096EDM
120118 ,KN ,760 ,EDM ,4096 ,Human Resource Education ,5137 ,Human Resource Development ,25,7,18,0,14,1,6,1,0,0,0,3,0,6,0,22,3,10KS4096EDM
120118 ,KN ,760 ,MA ,0220 ,Educational Policy Studies ,  ,  ,11,4,7,0,4,0,7,0,0,0,0,0,0,7,0,6,5,10KS0220MA
120118 ,KN ,760 ,MS ,0209 ,Ed Organization and Leadership ,  ,  ,2,1,1,0,2,0,0,0,0,0,0,0,0,0,0,1,1,10KS0209MS
120118 ,KN ,760 ,MS ,0209 ,Ed Organization and Leadership ,5096 ,Higher Education ,2,2,0,0,1,0,1,0,0,0,0,0,0,1,0,1,1,10KS0209MS
120118 ,KN ,760 ,MS ,4096 ,Human Resource Education ,  ,  ,1,0,1,0,0,0,0,0,0,0,0,1,0,0,0,0,1,10KS4096MS
120118 ,KN ,760 ,MS ,4096 ,Human Resource Education ,5137 ,Human Resource Development ,7,3,4,0,1,1,0,0,0,0,0,5,0,0,0,2,5,10KS4096MS
120118 ,KN ,760 ,PHD ,0209 ,Ed Organization and Leadership ,  ,  ,17,9,8,0,9,2,3,1,0,0,0,2,0,4,0,10,7,10KS0209PHD
120118 ,KN ,760 ,PHD ,0209 ,Ed Organization and Leadership ,5096 ,Higher Education ,4,1,3,0,3,0,0,1,0,0,0,0,0,0,0,4,0,10KS0209PHD
120118 ,KN ,760 ,PHD ,0220 ,Educational Policy Studies ,  ,  ,120,45,75,0,24,6,51,26,2,0,3,7,1,56,5,63,57,10KS0220PHD
120118 ,KN ,760 ,PHD ,4096 ,Human Resource Education ,  ,  ,7,1,6,0,3,0,0,0,0,0,0,4,0,0,0,4,3,10KS4096PHD
120118 ,KN ,760 ,PHD ,4096 ,Human Resource Education ,5137 ,Human Resource Development ,23,14,9,0,5,2,2,1,0,0,0,13,0,2,0,6,17,10KS4096PHD
120118 ,KN ,  ,  ,  ,Education ,  ,***College total*** ,1341,249,1091,1,846,94,138,102,4,2,23,128,4,153,14,1065,276, 
 ,,,,,,,,,,,,,,,,,,,,,,,,,
 ,,,,,,,,,,,,,,,,,,,,,,,,,
120118 ,KP ,  ,  ,  ,Engineering ,  ,  ,  ,  ,  ,  ,  ,  ,  ,  ,  ,  ,  ,  ,  ,  ,  ,  ,  , 
120118 ,KP ,227 ,BS ,0102 ,Agricultural Engineering ,  ,  ,4,2,2,0,4,0,0,0,0,0,0,0,0,0,0,4,0,10KP0102BS
120118 ,KP ,227 ,BS ,0102 ,Agricultural Engineering ,3907 ,Food & Bioprocess Engineering ,2,1,1,0,1,0,1,0,0,0,0,0,0,1,0,2,0,10KP3907BS
120118 ,KP ,227 ,BS ,5163 ,Agricultural & Biological Engr ,  ,  ,95,66,29,0,72,10,1,3,0,0,0,8,1,1,0,77,18,10KP5163BS
120118 ,KP ,227 ,BS ,5163 ,Agricultural & Biological Engr ,3907 ,Food & Bioprocess Engineering ,2,1,1,0,0,1,1,0,0,0,0,0,0,1,0,2,0,10KP5163BS
120118 ,KP ,227 ,BS ,5163 ,Agricultural & Biological Engr ,5271 ,Biological Engineering ,1,0,1,0,0,1,0,0,0,0,0,0,0,0,0,1,0,10KP5163BS
120118 ,KP ,227 ,MS ,0102 ,Agricultural Engineering ,  ,  ,1,1,0,0,0,0,0,0,0,0,0,1,0,0,0,0,1,10KS0102MS
120118 ,KP ,227 ,MS ,5163 ,Agricultural & Biological Engr ,  ,  ,35,24,11,0,9,0,0,1,0,0,3,21,1,0,0,9,26,10KS5163MS
120118 ,KP ,227 ,NDEG ,0067 ,Nondegree ,  ,  ,207,162,45,0,46,4,1,6,0,0,2,143,5,2,1,60,147,10KP0067NDEG
120118 ,KP ,227 ,PHD ,0102 ,Agricultural Engineering ,  ,  ,3,3,0,0,0,0,0,0,0,0,0,3,0,0,0,0,3,10KS0102PHD
120118 ,KP ,227 ,PHD ,5163 ,Agricultural & Biological Engr ,  ,  ,23,17,6,0,2,1,0,1,0,0,0,19,0,0,0,2,21,10KS5163PHD
120118 ,KP ,244 ,BS ,0121 ,Engineering Physics ,  ,  ,152,138,14,0,106,19,0,5,0,0,4,17,1,0,1,119,33,10KP0121BS
120118 ,KP ,244 ,MS ,0240 ,Physics ,  ,  ,1,1,0,0,1,0,0,0,0,0,0,0,0,0,0,1,0,10KS0240MS
120118 ,KP ,244 ,MS ,0241 ,Teaching of Physics ,  ,  ,3,2,1,0,2,0,1,0,0,0,0,0,0,1,0,3,0,10KS0241MS
120118 ,KP ,244 ,PHD ,0240 ,Physics ,  ,  ,264,226,38,0,105,18,0,3,0,0,1,132,5,0,0,19,245,10KS0240PHD
120118 ,KP ,251 ,BS ,0106 ,Civil Engineering ,  ,  ,787,589,198,0,498,81,22,35,0,0,16,129,6,25,1,577,210,10KP0106BS
120118 ,KP ,251 ,MS ,0106 ,Civil Engineering ,  ,  ,254,193,60,1,103,20,2,7,1,0,3,117,1,2,2,81,173,10KS0106MS
120118 ,KP ,251 ,MS ,0231 ,Environ Engr in Civil Engr ,  ,  ,50,18,32,0,18,7,0,2,0,0,2,20,1,1,0,16,34,10KS0231MS
120118 ,KP ,251 ,MS ,0232 ,Environ Science in Civil Engr ,  ,  ,4,3,1,0,0,1,0,1,0,0,0,2,0,0,0,1,3,10KS0232MS
120118 ,KP ,251 ,PHD ,0106 ,Civil Engineering ,  ,  ,137,111,26,0,35,2,0,3,0,0,1,96,0,1,0,16,121,10KS0106PHD
120118 ,KP ,251 ,PHD ,0231 ,Environ Engr in Civil Engr ,  ,  ,46,22,24,0,11,2,0,2,0,0,0,31,0,0,0,3,43,10KS0231PHD
120118 ,KP ,251 ,PHD ,0232 ,Environ Science in Civil Engr ,  ,  ,3,1,2,0,0,0,0,0,0,0,0,2,1,0,0,0,3,10KS0232PHD
120118 ,KP ,343 ,BS ,0408 ,Bioengineering ,  ,  ,178,103,75,0,109,46,0,9,1,0,7,6,0,0,1,154,24,10KP0408BS
120118 ,KP ,343 ,MS ,0408 ,Bioengineering ,  ,  ,6,3,3,0,2,1,0,0,0,0,0,3,0,0,0,3,3,10KS0408MS
120118 ,KP ,343 ,PHD ,0408 ,Bioengineering ,  ,  ,47,28,19,0,16,9,0,4,0,0,0,18,0,0,1,12,35,10KS0408PHD
120118 ,KP ,422 ,BS ,0124 ,General Engineering ,  ,  ,384,307,77,0,258,51,5,17,0,0,7,46,0,6,2,298,86,10KP0124BS
120118 ,KP ,422 ,BS ,0127 ,Industrial Engineering ,  ,  ,183,139,44,0,66,29,5,7,0,0,2,73,1,5,0,97,86,10KP0127BS
120118 ,KP ,422 ,MS ,0127 ,Industrial Engineering ,  ,  ,8,6,2,0,2,0,0,1,0,0,0,5,0,0,0,3,5,10KS0127MS
120118 ,KP ,422 ,MS ,3846 ,Systems & Entrepreneurial Engr ,  ,  ,6,3,3,0,4,1,0,0,0,0,0,1,0,0,0,5,1,10KS3846MS
120118 ,KP ,422 ,PHD ,0127 ,Industrial Engineering ,  ,  ,35,23,12,0,1,0,1,0,0,0,0,33,0,1,0,0,35,10KS0127PHD
120118 ,KP ,422 ,PHD ,3846 ,Systems & Entrepreneurial Engr ,  ,  ,13,10,3,0,4,0,0,0,0,0,0,9,0,0,0,4,9,10KS3846PHD
120118 ,KP ,434 ,BS ,0112 ,Computer Science ,  ,  ,841,763,78,0,365,193,11,18,0,2,18,230,4,15,3,429,412,10KP0112BS
120118 ,KP ,434 ,BS ,0112 ,Computer Science ,1854 ,CS:BS/MS Program ,14,13,1,0,6,1,0,0,0,0,0,7,0,0,0,4,10,10KP1854BS
120118 ,KP ,434 ,MCS ,0112 ,Computer Science ,  ,  ,25,20,5,0,4,0,0,0,0,0,1,20,0,0,1,5,20,10KS0112MCS
120118 ,KP ,434 ,MS ,0112 ,Computer Science ,  ,  ,39,33,6,0,16,3,0,1,0,0,0,19,0,0,0,8,31,10KS0112MS
120118 ,KP ,434 ,MS ,0112 ,Computer Science ,1854 ,CS:BS/MS Program ,4,3,1,0,2,0,0,0,0,0,0,1,1,0,0,3,1,10KS1854MS
120118 ,KP ,434 ,MS ,4026 ,Bioinformatics ,4028 ,Computer Science ,2,1,1,0,0,0,0,0,0,0,0,2,0,0,0,1,1,10KS4028MS
120118 ,KP ,434 ,PHD ,0112 ,Computer Science ,  ,  ,306,258,48,0,62,29,3,0,0,0,1,208,3,3,1,37,269,10KS0112PHD
120118 ,KP ,545 ,MS ,5244 ,Financial Engineering ,  ,  ,69,52,17,0,9,6,0,0,0,0,0,54,0,0,0,7,62,10KS5244MS
120118 ,KP ,615 ,BS ,4048 ,Aerospace Engineering ,  ,  ,366,316,50,0,239,53,7,22,2,1,7,31,4,7,5,285,81,10KP4048BS
120118 ,KP ,615 ,MS ,4048 ,Aerospace Engineering ,  ,  ,78,62,16,0,29,9,0,1,0,0,1,37,1,0,0,19,59,10KS4048MS
120118 ,KP ,615 ,NDEG ,4048 ,Aerospace Engineering ,  ,  ,3,3,0,0,0,1,0,0,0,0,0,2,0,0,0,1,2,10KS4048NDEG
120118 ,KP ,615 ,PHD ,4048 ,Aerospace Engineering ,  ,  ,60,56,4,0,22,3,0,3,0,0,1,31,0,1,1,13,47,10KS4048PHD
120118 ,KP ,917 ,BS ,0118 ,Engineering Mechanics ,  ,  ,142,126,16,0,89,16,2,6,0,1,2,25,1,2,0,102,40,10KP0118BS
120118 ,KP ,917 ,BS ,0133 ,Mechanical Engineering ,  ,  ,774,678,94,2,504,92,12,33,1,4,19,103,6,13,4,568,206,10KP0133BS
120118 ,KP ,917 ,BS ,0133 ,Mechanical Engineering ,4018 ,BS/MS Mechanical Engineering ,1,1,0,0,1,0,0,0,0,0,0,0,0,0,0,1,0,10KP4018BS
120118 ,KP ,917 ,MS ,0133 ,Mechanical Engineering ,  ,  ,127,111,16,0,43,8,0,6,0,0,2,68,0,0,0,29,98,10KS0133MS
120118 ,KP ,917 ,MS ,0133 ,Mechanical Engineering ,4018 ,BS/MS Mechanical Engineering ,3,3,0,0,2,1,0,0,0,0,0,0,0,0,0,3,0,10KS4018MS
120118 ,KP ,917 ,MS ,0242 ,Theoretical & Applied Mechans ,  ,  ,18,14,4,0,10,1,0,1,0,0,0,6,0,0,0,3,15,10KS0242MS
120118 ,KP ,917 ,PHD ,0133 ,Mechanical Engineering ,  ,  ,150,134,16,0,30,4,0,1,0,0,0,114,1,0,0,13,137,10KS0133PHD
120118 ,KP ,917 ,PHD ,0242 ,Theoretical & Applied Mechans ,  ,  ,29,23,6,0,9,1,0,1,0,0,0,18,0,0,0,7,22,10KS0242PHD
120118 ,KP ,919 ,BS ,0130 ,Materials Science & Engr ,  ,  ,322,251,71,0,159,66,2,9,0,0,18,66,2,2,0,203,119,10KP0130BS
120118 ,KP ,919 ,BS ,0130 ,Materials Science & Engr ,3908 ,Ceramics ,9,7,2,0,4,0,0,0,0,0,0,5,0,0,0,3,6,10KP3908BS
120118 ,KP ,919 ,BS ,0130 ,Materials Science & Engr ,3909 ,Electronic Materials ,14,11,3,0,4,6,0,0,0,0,0,4,0,0,0,6,8,10KP3909BS
120118 ,KP ,919 ,BS ,0130 ,Materials Science & Engr ,3910 ,Metals ,10,8,2,0,5,2,1,2,0,0,0,0,0,1,0,9,1,10KP3910BS
120118 ,KP ,919 ,BS ,0130 ,Materials Science & Engr ,3911 ,Biomaterials ,9,6,3,0,6,1,1,0,0,0,1,0,0,1,0,9,0,10KP3911BS
120118 ,KP ,919 ,BS ,0130 ,Materials Science & Engr ,3912 ,Polymer ,15,11,4,0,8,2,1,1,0,0,0,3,0,1,0,11,4,10KP3912BS
120118 ,KP ,919 ,MS ,0130 ,Materials Science & Engr ,  ,  ,15,12,3,0,5,3,0,1,0,0,1,5,0,0,1,6,9,10KS0130MS
120118 ,KP ,919 ,MS ,0130 ,Materials Science & Engr ,5012 ,BS/MS Materials Science & Eng ,4,3,1,0,1,0,0,0,0,0,0,3,0,0,0,1,3,10KS5012MS
120118 ,KP ,919 ,PHD ,0130 ,Materials Science & Engr ,  ,  ,149,114,35,0,48,12,0,2,1,0,3,81,2,0,1,13,136,10KS0130PHD
120118 ,KP ,933 ,BS ,0109 ,Computer Engineering ,  ,  ,608,563,45,0,267,134,10,35,1,0,11,145,5,11,3,356,252,10KP0109BS
120118 ,KP ,933 ,BS ,0115 ,Electrical Engineering ,  ,  ,1128,995,133,0,344,264,21,49,0,0,15,434,1,22,3,508,620,10KP0115BS
120118 ,KP ,933 ,MS ,1200 ,Electrical & Computer Engr ,  ,  ,205,185,20,0,81,23,2,9,0,0,5,83,2,3,2,51,154,10KS1200MS
120118 ,KP ,933 ,NDEG ,1200 ,Electrical & Computer Engr ,  ,  ,2,2,0,0,2,0,0,0,0,0,0,0,0,0,0,2,0,10KS1200NDEG
120118 ,KP ,933 ,PHD ,1200 ,Electrical & Computer Engr ,  ,  ,269,230,39,0,54,24,6,5,0,0,4,175,1,7,1,40,229,10KS1200PHD
120118 ,KP ,973 ,BS ,0139 ,Nuclear Engineering ,  ,  ,3,3,0,0,2,1,0,0,0,0,0,0,0,0,0,2,1,10KP0139BS
120118 ,KP ,973 ,BS ,0139 ,Nuclear Engineering ,3913 ,"Power, Safety, and the Environ ",33,27,6,0,19,5,2,3,0,0,1,1,2,2,1,27,6,10KP3913BS
120118 ,KP ,973 ,BS ,0139 ,Nuclear Engineering ,3914 ,Plasma and Fusion Sci and Engr ,8,7,1,0,8,0,0,0,0,0,0,0,0,0,0,7,1,10KP3914BS
120118 ,KP ,973 ,BS ,5183 ,"Nuclear, Plasma, Radiolgc Engr ",  ,  ,92,84,8,0,61,9,1,7,0,0,2,11,1,2,1,70,22,10KP5183BS
120118 ,KP ,973 ,BS ,5183 ,"Nuclear, Plasma, Radiolgc Engr ",3913 ,"Power, Safety, and the Environ ",50,44,6,0,37,6,0,2,0,0,0,5,0,0,0,37,13,10KP5183BS
120118 ,KP ,973 ,BS ,5183 ,"Nuclear, Plasma, Radiolgc Engr ",3914 ,Plasma and Fusion Sci and Engr ,15,13,2,0,9,3,1,1,0,0,0,1,0,1,0,11,4,10KP5183BS
120118 ,KP ,973 ,BS ,5183 ,"Nuclear, Plasma, Radiolgc Engr ",3915 ,"Radiol, Medical, & Instr Apps ",6,4,2,0,5,1,0,0,0,0,0,0,0,0,0,6,0,10KP5183BS
120118 ,KP ,973 ,MS ,5183 ,"Nuclear, Plasma, Radiolgc Engr ",  ,  ,18,18,0,0,11,2,0,0,0,0,0,5,0,0,0,12,6,10KS5183MS
120118 ,KP ,973 ,PHD ,0139 ,Nuclear Engineering ,  ,  ,15,12,3,0,6,1,0,0,0,0,0,8,0,0,0,2,13,10KS0139PHD
120118 ,KP ,973 ,PHD ,5183 ,"Nuclear, Plasma, Radiolgc Engr ",  ,  ,28,21,7,0,1,3,0,1,0,0,0,23,0,0,0,2,26,10KS5183PHD
120118 ,KP ,  ,  ,  ,Engineering ,  ,***College total*** ,9012,7504,1505,3,4064,1293,123,327,7,8,161,2969,60,141,37,4501,4511, 
 ,,,,,,,,,,,,,,,,,,,,,,,,,
 ,,,,,,,,,,,,,,,,,,,,,,,,,
120118 ,KR ,  ,  ,  ,Fine & Applied Arts ,  ,  ,  ,  ,  ,  ,  ,  ,  ,  ,  ,  ,  ,  ,  ,  ,  ,  ,  , 
120118 ,KR ,447 ,NDEG ,0067 ,Nondegree ,  ,  ,33,14,19,0,7,1,0,0,0,0,0,23,2,0,0,8,25,10KR0067NDEG
120118 ,KR ,495 ,AD ,0265 ,Music ,  ,  ,5,1,4,0,3,0,0,1,0,0,0,1,0,0,0,1,4,10KS0265AD
120118 ,KR ,495 ,AMUSD ,0265 ,Music ,  ,  ,23,11,12,0,9,0,0,0,0,0,0,14,0,0,0,4,19,10KS0265AMUS
120118 ,KR ,495 ,AMUSD ,0265 ,Music ,3930 ,Choral Music ,10,4,6,0,5,1,0,0,0,0,0,4,0,0,0,3,7,10KS0265AMUS
120118 ,KR ,495 ,AMUSD ,0265 ,Music ,5110 ,Performance and Literature ,127,46,80,1,44,3,1,4,0,0,1,73,1,2,1,21,106,10KS0265AMUS
120118 ,KR ,495 ,AMUSD ,0265 ,Music ,5111 ,Music Composition ,20,15,5,0,7,1,0,0,0,0,2,10,0,0,1,3,17,10KS0265AMUS
120118 ,KR ,495 ,AMUSD ,0265 ,Music ,5117 ,Vocal Coaching & Accompanying ,6,2,4,0,2,1,0,0,0,0,0,3,0,0,0,1,5,10KS0265AMUS
120118 ,KR ,495 ,AMUSD ,0265 ,Music ,5118 ,Jazz Performance ,22,22,0,0,13,2,1,2,0,0,0,4,0,1,0,10,12,10KS0265AMUS
120118 ,KR ,495 ,BA ,0265 ,Music ,  ,  ,30,15,14,1,18,3,1,3,0,0,2,3,0,1,0,24,6,10KR0265BA
120118 ,KR ,495 ,BME ,0168 ,Music Education ,3930 ,Choral Music ,41,11,30,0,34,5,0,2,0,0,0,0,0,0,1,39,2,10KR3930BME
120118 ,KR ,495 ,BME ,0168 ,Music Education ,3931 ,Instrumental Music ,128,63,65,0,114,6,2,4,0,0,2,0,0,2,0,118,10,10KR3931BME
120118 ,KR ,495 ,BME ,0168 ,Music Education ,3932 ,Elementary General Music ,4,3,1,0,2,1,0,1,0,0,0,0,0,0,0,4,0,10KR3932BME
120118 ,KR ,495 ,BMUS ,0157 ,Voice ,  ,  ,30,7,23,0,23,2,3,0,0,0,1,1,0,3,0,25,5,10KR0157BMUS
120118 ,KR ,495 ,BMUS ,0158 ,Instrumental Music ,  ,  ,89,40,49,0,58,15,2,5,0,0,2,7,0,2,0,62,27,10KR0158BMUS
120118 ,KR ,495 ,BMUS ,0159 ,Music Composition ,  ,  ,9,6,3,0,6,2,0,0,0,0,0,1,0,0,0,6,3,10KR0159BMUS
120118 ,KR ,495 ,BMUS ,0160 ,Music History ,  ,  ,5,2,3,0,3,1,0,1,0,0,0,0,0,0,0,4,1,10KR0160BMUS
120118 ,KR ,495 ,BMUS ,0161 ,Open Studies ,  ,  ,6,3,3,0,4,1,0,1,0,0,0,0,0,1,0,6,0,10KR0161BMUS
120118 ,KR ,495 ,BMUS ,5045 ,Jazz Performance ,  ,  ,27,23,4,0,23,1,2,1,0,0,0,0,0,2,0,23,4,10KR5045BMUS
120118 ,KR ,495 ,EDD ,0168 ,Music Education ,  ,  ,6,5,1,0,4,0,2,0,0,0,0,0,0,2,0,1,5,10KS0168EDD
120118 ,KR ,495 ,MME ,0168 ,Music Education ,  ,  ,8,6,2,0,6,1,0,0,0,0,1,0,0,1,0,6,2,10KS0168MME
120118 ,KR ,495 ,MMUS ,0265 ,Music ,  ,  ,6,2,4,0,6,0,0,0,0,0,0,0,0,0,0,1,5,10KS0265MMUS
120118 ,KR ,495 ,MMUS ,0265 ,Music ,5110 ,Performance and Literature ,54,21,33,0,33,1,2,4,1,0,2,11,0,2,1,13,41,10KS0265MMUS
120118 ,KR ,495 ,MMUS ,0265 ,Music ,5111 ,Music Composition ,4,1,3,0,1,0,0,0,0,0,0,3,0,0,0,0,4,10KS0265MMUS
120118 ,KR ,495 ,MMUS ,0265 ,Music ,5113 ,Musicology ,6,5,1,0,6,0,0,0,0,0,0,0,0,0,0,1,5,10KS0265MMUS
120118 ,KR ,495 ,MMUS ,0265 ,Music ,5114 ,Piano Pedagogy ,8,2,6,0,3,1,0,0,0,0,1,3,0,0,0,2,6,10KS0265MMUS
120118 ,KR ,495 ,MMUS ,0265 ,Music ,5115 ,Instrumental Conducting (Band) ,2,2,0,0,1,0,0,0,0,0,0,1,0,0,0,0,2,10KS0265MMUS
120118 ,KR ,495 ,MMUS ,0265 ,Music ,5116 ,Instrumental Conducting (Orch) ,5,4,1,0,3,1,0,0,0,0,1,0,0,0,0,3,2,10KS0265MMUS
120118 ,KR ,495 ,MMUS ,0265 ,Music ,5117 ,Vocal Coaching & Accompanying ,2,0,2,0,1,0,0,0,0,0,0,1,0,0,0,0,2,10KS0265MMUS
120118 ,KR ,495 ,MMUS ,0265 ,Music ,5118 ,Jazz Performance ,16,14,2,0,13,0,2,0,0,0,1,0,0,2,0,8,8,10KS0265MMUS
120118 ,KR ,495 ,PHD ,0168 ,Music Education ,  ,  ,2,2,0,0,2,0,0,0,0,0,0,0,0,0,0,2,0,10KS0168PHD
120118 ,KR ,495 ,PHD ,1481 ,Musicology ,  ,  ,19,9,10,0,12,0,0,1,0,0,0,6,0,1,1,6,13,10KS1481PHD
120118 ,KR ,526 ,BFA ,0148 ,Graphic Design ,  ,  ,70,27,43,0,48,13,2,5,0,0,0,1,1,2,0,65,5,10KR0148BFA
120118 ,KR ,526 ,BFA ,0149 ,Crafts ,3933 ,Ceramics ,4,2,2,0,3,0,0,0,0,0,0,1,0,0,0,3,1,10KR3933BFA
120118 ,KR ,526 ,BFA ,0149 ,Crafts ,3935 ,Metals ,8,0,8,0,6,2,0,0,0,0,0,0,0,0,0,8,0,10KR3935BFA
120118 ,KR ,526 ,BFA ,0150 ,History of Art ,  ,  ,10,1,9,0,10,0,0,0,0,0,0,0,0,0,0,10,0,10KR0150BFA
120118 ,KR ,526 ,BFA ,0151 ,Photography ,  ,  ,42,11,31,0,30,3,3,4,0,0,2,0,0,3,2,39,3,10KR0151BFA
120118 ,KR ,526 ,BFA ,0152 ,Industrial Design ,  ,  ,117,54,63,0,47,23,5,9,0,0,4,26,3,7,0,85,32,10KR0152BFA
120118 ,KR ,526 ,BFA ,0153 ,Painting ,  ,  ,43,11,32,0,24,5,5,5,0,0,1,3,0,5,0,40,3,10KR0153BFA
120118 ,KR ,526 ,BFA ,0154 ,Sculpture ,  ,  ,6,4,2,0,4,1,0,0,0,0,0,1,0,0,0,5,1,10KR0154BFA
120118 ,KR ,526 ,BFA ,0169 ,Art Education ,  ,  ,59,10,48,1,47,1,2,6,0,0,2,0,1,3,2,58,1,10KR0169BFA
120118 ,KR ,526 ,BFA ,5128 ,New Media ,  ,  ,24,8,16,0,17,4,1,0,0,0,1,1,0,1,0,23,1,10KR5128BFA
120118 ,KR ,526 ,EDM ,0169 ,Art Education ,  ,  ,5,1,4,0,4,0,0,0,0,0,0,1,0,0,0,3,2,10KS0169EDM
120118 ,KR ,526 ,MA ,0169 ,Art Education ,  ,  ,5,0,5,0,2,2,0,0,0,0,0,1,0,0,0,4,1,10KS0169MA
120118 ,KR ,526 ,MA ,0250 ,Art History ,  ,  ,7,0,7,0,4,0,0,1,0,0,0,2,0,0,0,2,5,10KS0250MA
120118 ,KR ,526 ,MFA ,0252 ,Art and Design ,  ,  ,5,4,1,0,5,0,0,0,0,0,0,0,0,0,0,1,4,10KS0252MFA
120118 ,KR ,526 ,MFA ,0252 ,Art and Design ,0254 ,Graphic Design ,2,1,1,0,0,0,0,0,0,0,0,2,0,0,0,0,2,10KS0254MFA
120118 ,KR ,526 ,MFA ,0252 ,Art and Design ,0255 ,Industrial Design ,9,6,3,0,3,1,0,0,0,0,0,5,0,0,0,4,5,10KS0255MFA
120118 ,KR ,526 ,MFA ,0252 ,Art and Design ,0256 ,Metals ,6,2,4,0,4,0,0,0,0,0,1,1,0,0,1,2,4,10KS0256MFA
120118 ,KR ,526 ,MFA ,0252 ,Art and Design ,0257 ,Painting ,9,4,5,0,9,0,0,0,0,0,0,0,0,0,0,2,7,10KS0257MFA
120118 ,KR ,526 ,MFA ,0252 ,Art and Design ,0258 ,Photography ,3,2,1,0,3,0,0,0,0,0,0,0,0,0,0,1,2,10KS0258MFA
120118 ,KR ,526 ,MFA ,0252 ,Art and Design ,0260 ,Sculpture ,5,1,4,0,3,0,0,0,0,0,1,1,0,0,0,1,4,10KS0260MFA
120118 ,KR ,526 ,NONE ,4090 ,Art Foundation ,  ,  ,108,34,74,0,62,21,7,8,0,0,0,10,0,7,0,93,15,10KR4090NONE
120118 ,KR ,526 ,PHD ,0169 ,Art Education ,  ,  ,13,6,7,0,6,0,0,0,0,0,0,7,0,0,0,5,8,10KS0169PHD
120118 ,KR ,526 ,PHD ,0250 ,Art History ,  ,  ,19,4,15,0,12,0,0,2,0,0,0,4,1,0,0,3,16,10KS0250PHD
120118 ,KR ,569 ,BLA ,0156 ,Landscape Architecture ,  ,  ,2,2,0,0,1,0,0,0,0,0,0,0,1,0,0,2,0,10KR0156BLA
120118 ,KR ,569 ,BLA ,0156 ,Landscape Architecture ,5095 ,Five-Year Program ,71,36,35,0,43,8,1,5,0,0,1,13,0,1,0,55,16,10KR5095BLA
120118 ,KR ,569 ,MLA ,0156 ,Landscape Architecture ,  ,  ,31,8,23,0,14,1,0,1,0,0,0,14,1,0,0,14,17,10KS0156MLA
120118 ,KR ,569 ,PHD ,0156 ,Landscape Architecture ,  ,  ,14,7,7,0,7,0,1,0,0,0,0,5,1,1,0,5,9,10KS0156PHD
120118 ,KR ,733 ,BA ,0155 ,Urban Planning ,  ,  ,116,73,43,0,63,8,9,15,0,0,3,17,1,11,1,84,32,10KR0155BA
120118 ,KR ,733 ,MUP ,0155 ,Urban Planning ,  ,  ,39,17,22,0,19,1,2,6,0,0,3,8,0,2,1,16,23,10KS0155MUP
120118 ,KR ,733 ,PHD ,0274 ,Regional Planning ,  ,  ,23,13,10,0,9,1,0,0,0,0,0,13,0,0,0,6,17,10KS0274PHD
120118 ,KR ,767 ,BS ,0146 ,Architectural Studies ,  ,  ,505,286,219,0,305,47,10,41,2,3,15,78,4,13,5,388,117,10KR0146BS
120118 ,KR ,767 ,MARCH ,0249 ,Architecture ,0247 ,Architecture - 2 Yr ,171,106,65,0,102,9,6,17,0,0,7,29,1,6,3,109,62,10KS0247MARC
120118 ,KR ,767 ,MARCH ,0249 ,Architecture ,0248 ,Architecture Track 3 ,34,19,15,0,17,3,2,4,0,0,0,8,0,3,0,16,18,10KS0248MARC
120118 ,KR ,767 ,MS ,4091 ,Architectural Studies ,  ,  ,2,0,2,0,1,0,0,0,0,0,0,1,0,0,0,1,1,10KS4091MS
120118 ,KR ,767 ,PHD ,0249 ,Architecture ,  ,  ,14,6,8,0,2,0,0,1,0,0,0,11,0,0,0,1,13,10KS0249PHD
120118 ,KR ,801 ,BFA ,0261 ,Dance ,  ,  ,61,5,56,0,40,3,13,5,0,0,0,0,0,14,0,50,11,10KR0261BFA
120118 ,KR ,801 ,MFA ,0261 ,Dance ,  ,  ,8,1,7,0,7,0,0,1,0,0,0,0,0,0,0,1,7,10KS0261MFA
120118 ,KR ,883 ,BFA ,0162 ,Theatre ,3980 ,Stage Management ,8,3,5,0,6,1,0,0,0,0,1,0,0,0,0,5,3,10KR3980BFA
120118 ,KR ,883 ,BFA ,0162 ,Theatre ,3985 ,Theatre Studies ,23,7,16,0,15,1,2,3,0,0,0,2,0,2,0,20,3,10KR3985BFA
120118 ,KR ,883 ,BFA ,0162 ,Theatre ,4081 ,Acting ,27,14,13,0,13,0,10,3,0,0,1,0,0,12,0,24,3,10KR4081BFA
120118 ,KR ,883 ,BFA ,0162 ,Theatre ,4082 ,Costume Design and Technology ,2,0,2,0,2,0,0,0,0,0,0,0,0,0,0,2,0,10KR4082BFA
120118 ,KR ,883 ,BFA ,0162 ,Theatre ,4083 ,Scenic Technology ,3,3,0,0,2,0,0,1,0,0,0,0,0,0,0,2,1,10KR4083BFA
120118 ,KR ,883 ,BFA ,0162 ,Theatre ,4084 ,Lighting Design ,6,5,1,0,5,0,0,1,0,0,0,0,0,0,0,6,0,10KR4084BFA
120118 ,KR ,883 ,BFA ,0162 ,Theatre ,4085 ,Sound Design and Technology ,3,3,0,0,3,0,0,0,0,0,0,0,0,0,0,3,0,10KR4085BFA
120118 ,KR ,883 ,BFA ,0162 ,Theatre ,4086 ,Scenic Design ,3,1,2,0,0,1,0,0,0,0,1,1,0,0,0,2,1,10KR4086BFA
120118 ,KR ,883 ,MA ,0162 ,Theatre ,  ,  ,8,4,4,0,4,0,0,1,0,0,0,2,1,0,0,1,7,10KS0162MA
120118 ,KR ,883 ,MFA ,0162 ,Theatre ,0271 ,Design and Technology ,22,12,10,0,16,1,1,0,0,0,1,3,0,1,1,5,17,10KS0271MFA
120118 ,KR ,883 ,MFA ,0162 ,Theatre ,0272 ,Acting ,9,6,3,0,8,0,0,1,0,0,0,0,0,0,0,2,7,10KS0272MFA
120118 ,KR ,883 ,NONE ,0162 ,Theatre ,4080 ,Theatre Foundations ,46,13,33,0,36,0,3,5,0,1,0,0,1,4,0,42,4,10KR4080NONE
120118 ,KR ,883 ,PHD ,0162 ,Theatre ,  ,  ,15,7,8,0,8,1,0,0,1,0,1,4,0,0,2,5,10,10KS0162PHD
120118 ,KR ,  ,  ,  ,Fine & Applied Arts ,  ,***College total*** ,2598,1211,1384,3,1567,212,103,181,4,4,62,445,20,120,23,1729,869, 
 ,,,,,,,,,,,,,,,,,,,,,,,,,
 ,,,,,,,,,,,,,,,,,,,,,,,,,
120118 ,KS ,  ,  ,  ,Graduate College ,  ,  ,  ,  ,  ,  ,  ,  ,  ,  ,  ,  ,  ,  ,  ,  ,  ,  ,  , 
120118 ,KS ,486 ,NDEG ,0067 ,Nondegree ,  ,  ,27,14,13,0,20,3,1,2,0,0,0,1,0,1,1,24,3,10KS0067NDEG
120118 ,KS ,  ,  ,  ,Graduate College ,  ,***College total*** ,27,14,13,0,20,3,1,2,0,0,0,1,0,1,1,24,3, 
 ,,,,,,,,,,,,,,,,,,,,,,,,,
 ,,,,,,,,,,,,,,,,,,,,,,,,,
120118 ,KT ,  ,  ,  ,Media ,  ,  ,  ,  ,  ,  ,  ,  ,  ,  ,  ,  ,  ,  ,  ,  ,  ,  ,  , 
120118 ,KT ,238 ,BS ,0382 ,Media Studies ,  ,  ,12,2,10,0,8,1,0,1,0,0,0,2,0,0,0,9,3,10KT0382BS
120118 ,KT ,238 ,NDEG ,5202 ,Communications and Media ,  ,  ,1,0,1,0,0,1,0,0,0,0,0,0,0,0,0,0,1,10KS5202NDEG
120118 ,KT ,238 ,PHD ,0279 ,Communications ,  ,  ,38,16,22,0,7,3,2,6,0,0,2,17,1,4,2,9,29,10KS0279PHD
120118 ,KT ,238 ,PHD ,5202 ,Communications and Media ,  ,  ,14,5,9,0,3,1,1,1,0,0,1,7,0,2,0,2,12,10KS5202PHD
120118 ,KT ,408 ,BS ,0277 ,Advertising ,  ,  ,626,193,433,0,406,61,39,42,1,0,13,59,5,42,5,526,100,10KT0277BS
120118 ,KT ,408 ,MS ,0277 ,Advertising ,  ,  ,30,7,23,0,9,0,1,0,0,0,1,19,0,2,0,8,22,10KS0277MS
120118 ,KT ,436 ,BS ,5201 ,Media and Cinema Studies ,  ,  ,36,21,15,0,23,1,3,1,0,0,2,6,0,4,0,27,9,10KT5201BS
120118 ,KT ,436 ,BS ,5201 ,Media and Cinema Studies ,3869 ,Cinema Studies ,36,22,14,0,27,3,1,2,0,0,1,2,0,1,1,34,2,10KT5201BS
120118 ,KT ,436 ,BS ,5201 ,Media and Cinema Studies ,5205 ,Media Studies ,46,16,30,0,26,8,6,4,0,0,0,2,0,6,0,41,5,10KT5201BS
120118 ,KT ,642 ,BSJ ,0380 ,News-Editorial ,  ,  ,169,46,123,0,117,12,12,16,0,2,5,5,0,14,2,152,17,10KT0380BSJ
120118 ,KT ,642 ,BSJ ,0381 ,Broadcast Journalism ,  ,  ,157,55,102,0,101,9,24,10,0,0,4,8,1,26,1,132,25,10KT0381BSJ
120118 ,KT ,642 ,MS ,0278 ,Journalism ,  ,  ,13,4,9,0,9,0,1,0,0,0,1,2,0,2,0,6,7,10KS0278MS
120118 ,KT ,646 ,BS ,5284 ,Agricultural Communications ,5287 ,Advertising ,3,0,3,0,3,0,0,0,0,0,0,0,0,0,0,3,0,10KT5284BS
120118 ,KT ,646 ,BS ,5284 ,Agricultural Communications ,5289 ,News-Editorial Journalism ,4,0,4,0,3,0,1,0,0,0,0,0,0,1,0,4,0,10KT5284BS
120118 ,KT ,934 ,NDEG ,0067 ,Nondegree ,  ,  ,4,3,1,0,0,1,0,0,0,0,0,3,0,0,0,1,3,10KT0067NDEG
120118 ,KT ,934 ,NONE ,0390 ,General Curriculum ,  ,  ,3,2,1,0,3,0,0,0,0,0,0,0,0,0,0,3,0,10KT0390NONE
120118 ,KT ,  ,  ,  ,Media ,  ,***College total*** ,1192,392,800,0,745,101,91,83,1,2,30,132,7,104,11,957,235, 
 ,,,,,,,,,,,,,,,,,,,,,,,,,
 ,,,,,,,,,,,,,,,,,,,,,,,,,
120118 ,KU ,  ,  ,  ,Law ,  ,  ,  ,  ,  ,  ,  ,  ,  ,  ,  ,  ,  ,  ,  ,  ,  ,  ,  , 
120118 ,KU ,853 ,JD ,0385 ,Law ,  ,  ,630,366,264,0,407,58,48,58,2,1,15,23,18,52,7,336,294,10KU0385JD
120118 ,KU ,853 ,JSD ,0281 ,Law ,  ,  ,14,7,7,0,0,0,0,0,0,0,0,14,0,0,0,0,14,10KS0281JSD
120118 ,KU ,853 ,LLM ,0281 ,Law ,  ,  ,80,28,52,0,0,2,1,0,0,1,0,76,0,1,0,2,78,10KS0281LLM
120118 ,KU ,853 ,NDEG ,0281 ,Law ,  ,  ,5,1,4,0,0,0,0,0,0,0,0,5,0,0,0,0,5,10KS0281NDEG
120118 ,KU ,  ,  ,  ,Law ,  ,***College total*** ,729,402,327,0,407,60,49,58,2,2,15,118,18,53,7,338,391, 
 ,,,,,,,,,,,,,,,,,,,,,,,,,
 ,,,,,,,,,,,,,,,,,,,,,,,,,
120118 ,KV ,  ,  ,  ,Liberal Arts & Sci ,  ,  ,  ,  ,  ,  ,  ,  ,  ,  ,  ,  ,  ,  ,  ,  ,  ,  ,  , 
120118 ,KV ,241 ,BALAS ,0340 ,Anthropology ,  ,  ,132,41,91,0,90,8,10,15,1,0,4,2,2,10,2,124,8,10KV0340BALA
120118 ,KV ,241 ,BALAS ,0340 ,Anthropology ,  ,  ,7,2,5,0,6,0,0,1,0,0,0,0,0,0,0,7,0,10KV8037BALA
120118 ,KV ,241 ,BALAS ,0340 ,Anthropology ,5043 ,Socioculturl & Linguistic Anth ,7,3,4,0,5,0,0,2,0,0,0,0,0,0,0,6,1,10KV5043BALA
120118 ,KV ,241 ,BALAS ,0340 ,Anthropology ,5043 ,Socioculturl & Linguistic Anth ,1,1,0,0,1,0,0,0,0,0,0,0,0,0,0,1,0,10KV8037BALA
120118 ,KV ,241 ,MA ,0340 ,Anthropology ,  ,  ,3,1,2,0,2,0,0,1,0,0,0,0,0,0,1,1,2,10KS0340MA
120118 ,KV ,241 ,PHD ,0340 ,Anthropology ,  ,  ,55,16,39,0,31,3,1,3,1,1,1,12,2,1,1,13,42,10KS0340PHD
120118 ,KV ,253 ,BSLAS ,0334 ,Atmospheric Sciences ,  ,  ,76,49,27,0,63,4,0,8,0,0,1,0,0,1,0,75,1,10KV0334BSLA
120118 ,KV ,253 ,BSLAS ,0334 ,Atmospheric Sciences ,  ,  ,1,1,0,0,1,0,0,0,0,0,0,0,0,0,0,1,0,10KV8037BSLA
120118 ,KV ,253 ,MS ,0334 ,Atmospheric Sciences ,  ,  ,22,10,12,0,19,0,0,1,0,0,1,1,0,0,0,10,12,10KS0334MS
120118 ,KV ,253 ,PHD ,0334 ,Atmospheric Sciences ,  ,  ,28,15,13,0,14,0,0,0,0,0,0,14,0,0,0,1,27,10KS0334PHD
120118 ,KV ,257 ,BSLAS ,0439 ,Mathematics ,  ,  ,32,19,13,0,14,5,1,2,0,0,0,8,2,1,0,20,12,10KV0439BSLA
120118 ,KV ,257 ,BSLAS ,0439 ,Mathematics ,  ,  ,4,3,1,0,1,1,0,0,0,0,0,2,0,0,0,2,2,10KV8037BSLA
120118 ,KV ,257 ,BSLAS ,0439 ,Mathematics ,3894 ,Operations Research ,2,2,0,0,2,0,0,0,0,0,0,0,0,0,0,2,0,10KV3894BSLA
120118 ,KV ,257 ,BSLAS ,0439 ,Mathematics ,3895 ,Applied Mathematics ,11,7,4,0,2,1,0,0,0,0,0,8,0,0,0,2,9,10KV3895BSLA
120118 ,KV ,257 ,BSLAS ,0439 ,Mathematics ,3895 ,Applied Mathematics ,2,1,1,0,1,1,0,0,0,0,0,0,0,0,0,2,0,10KV8037BSLA
120118 ,KV ,257 ,BSLAS ,0439 ,Mathematics ,3896 ,Graduate Preparation ,4,1,3,0,1,0,0,1,0,0,0,1,1,0,0,2,2,10KV3896BSLA
120118 ,KV ,257 ,BSLAS ,0439 ,Mathematics ,3897 ,Mathematics Teaching Option ,70,26,44,0,60,7,0,2,0,0,0,1,0,0,0,69,1,10KV3897BSLA
120118 ,KV ,257 ,BSLAS ,0461 ,Actuarial Science ,  ,  ,275,158,117,0,110,43,9,12,0,1,0,98,2,10,0,168,107,10KV0461BSLA
120118 ,KV ,257 ,BSLAS ,0461 ,Actuarial Science ,  ,  ,4,1,3,0,0,1,0,0,0,0,0,3,0,0,0,1,3,10KV8037BSLA
120118 ,KV ,257 ,BSLAS ,1438 ,Math & Computer Science ,  ,  ,71,63,8,0,29,13,2,4,0,0,1,21,1,2,0,46,25,10KV1438BSLA
120118 ,KV ,257 ,BSLAS ,1438 ,Math & Computer Science ,  ,  ,1,1,0,0,0,0,0,0,0,0,0,1,0,0,0,0,1,10KV8037BSLA
120118 ,KV ,257 ,MS ,0290 ,Teaching of Mathematics ,  ,  ,6,5,1,0,5,0,0,0,0,0,1,0,0,1,1,5,1,10KS0290MS
120118 ,KV ,257 ,MS ,0327 ,Applied Mathematics ,  ,  ,13,11,2,0,2,1,0,0,0,0,1,9,0,1,0,2,11,10KS0327MS
120118 ,KV ,257 ,MS ,0327 ,Applied Mathematics ,0328 ,Actuarial Science ,15,8,7,0,1,0,0,0,0,0,0,14,0,0,0,1,14,10KS0328MS
120118 ,KV ,257 ,MS ,0439 ,Mathematics ,  ,  ,17,12,5,0,8,0,0,0,0,0,0,9,0,0,0,6,11,10KS0439MS
120118 ,KV ,257 ,NDEG ,0439 ,Mathematics ,  ,  ,1,1,0,0,0,1,0,0,0,0,0,0,0,0,0,1,0,10KS0439NDEG
120118 ,KV ,257 ,NONE ,0439 ,Mathematics ,  ,  ,350,217,133,0,154,28,5,15,0,2,3,138,5,7,0,204,146,10KV0439NONE
120118 ,KV ,257 ,PHD ,0439 ,Mathematics ,  ,  ,151,101,50,0,56,6,0,5,0,0,2,79,3,0,2,13,138,10KS0439PHD
120118 ,KV ,265 ,BSLAS ,5086 ,"Earth Systems, Env, & Society ",  ,  ,29,12,17,0,19,3,0,2,0,0,0,5,0,0,0,24,5,10KV5086BSLA
120118 ,KV ,265 ,BSLAS ,5086 ,"Earth Systems, Env, & Society ",5103 ,Society and the Environment ,39,22,17,0,30,0,4,4,0,0,0,1,0,4,0,38,1,10KV5086BSLA
120118 ,KV ,265 ,BSLAS ,5086 ,"Earth Systems, Env, & Society ",5103 ,Society and the Environment ,3,0,3,0,2,1,0,0,0,0,0,0,0,0,0,3,0,10KV8037BSLA
120118 ,KV ,265 ,BSLAS ,5086 ,"Earth Systems, Env, & Society ",5104 ,Science of the Earth System ,36,21,15,0,29,0,0,2,0,0,4,1,0,1,2,34,2,10KV5086BSLA
120118 ,KV ,265 ,BSLAS ,5086 ,"Earth Systems, Env, & Society ",5104 ,Science of the Earth System ,1,0,1,0,1,0,0,0,0,0,0,0,0,0,0,1,0,10KV8037BSLA
120118 ,KV ,265 ,BSLAS ,5281 ,"Earth, Society, & Environment ",  ,  ,5,4,1,0,4,0,0,0,0,0,0,1,0,0,0,4,1,10KV5281BSLA
120118 ,KV ,265 ,BSLAS ,5281 ,"Earth, Society, & Environment ",5103 ,Society and the Environment ,11,7,4,0,10,0,0,0,0,0,0,1,0,0,0,10,1,10KV5281BSLA
120118 ,KV ,265 ,BSLAS ,5281 ,"Earth, Society, & Environment ",5103 ,Society and the Environment ,1,0,1,0,1,0,0,0,0,0,0,0,0,0,0,1,0,10KV8037BSLA
120118 ,KV ,265 ,BSLAS ,5281 ,"Earth, Society, & Environment ",5104 ,Science of the Earth System ,8,5,3,0,3,2,2,0,0,0,0,1,0,2,0,7,1,10KV5281BSLA
120118 ,KV ,299 ,BALAS ,0338 ,Psychology ,  ,  ,4,0,4,0,2,1,0,1,0,0,0,0,0,0,0,4,0,10KV0338BALA
120118 ,KV ,299 ,BSLAS ,0338 ,Psychology ,  ,  ,1257,397,857,3,715,171,90,127,1,1,33,113,6,103,6,1088,169,10KV0338BSLA
120118 ,KV ,299 ,BSLAS ,0338 ,Psychology ,  ,  ,46,11,35,0,31,5,2,4,0,0,0,3,1,2,0,42,4,10KV8037BSLA
120118 ,KV ,299 ,PHD ,0338 ,Psychology ,  ,  ,139,49,90,0,68,10,7,8,0,1,2,43,0,8,4,23,116,10KS0338PHD
120118 ,KV ,303 ,BALAS ,1008 ,African American Studies ,  ,  ,3,3,0,0,0,0,2,0,0,0,0,1,0,2,0,2,1,10KV1008BALA
120118 ,KV ,324 ,BALAS ,0344 ,Sociology ,  ,  ,257,102,155,0,97,26,65,41,2,1,8,12,5,70,7,226,31,10KV0344BALA
120118 ,KV ,324 ,BALAS ,0344 ,Sociology ,  ,  ,23,9,14,0,13,0,2,6,0,0,0,2,0,4,3,21,2,10KV8037BALA
120118 ,KV ,324 ,BSLAS ,0344 ,Sociology ,  ,  ,1,1,0,0,0,0,1,0,0,0,0,0,0,1,0,1,0,10KV0344BSLA
120118 ,KV ,324 ,MA ,0344 ,Sociology ,  ,  ,1,0,1,0,1,0,0,0,0,0,0,0,0,0,0,1,0,10KS0344MA
120118 ,KV ,324 ,PHD ,0344 ,Sociology ,  ,  ,46,17,29,0,18,4,5,4,0,0,1,13,1,5,0,12,34,10KS0344PHD
120118 ,KV ,361 ,MS ,0324 ,Entomology ,  ,  ,14,8,6,0,10,2,0,1,0,0,0,0,1,0,0,3,11,10KS0324MS
120118 ,KV ,361 ,PHD ,0324 ,Entomology ,  ,  ,21,7,14,0,10,0,0,1,0,0,0,9,1,0,0,2,19,10KS0324PHD
120118 ,KV ,362 ,BALAS ,0285 ,E Asian Languages & Cultures ,  ,  ,76,30,46,0,28,31,5,5,0,0,4,3,0,5,1,71,5,10KV0285BALA
120118 ,KV ,362 ,BALAS ,0285 ,E Asian Languages & Cultures ,5119 ,Teaching East Asian Languages ,1,0,1,0,0,0,0,0,0,0,1,0,0,0,0,1,0,10KV0285BALA
120118 ,KV ,362 ,MA ,0284 ,Asian Studies ,  ,  ,8,5,3,0,5,1,0,0,0,0,0,2,0,0,0,4,4,10KS0284MA
120118 ,KV ,362 ,PHD ,0285 ,E Asian Languages & Cultures ,  ,  ,26,5,21,0,2,2,0,0,1,0,0,21,0,0,1,1,25,10KS0285PHD
120118 ,KV ,377 ,MS ,0320 ,Plant Biology ,  ,  ,5,2,3,0,4,0,0,0,1,0,0,0,0,0,1,2,3,10KS0320MS
120118 ,KV ,377 ,MS ,0320 ,Plant Biology ,5166 ,Professional Science Masters ,3,2,1,0,2,0,1,0,0,0,0,0,0,1,0,3,0,1PKS0320MS
120118 ,KV ,377 ,PHD ,0320 ,Plant Biology ,  ,  ,33,12,21,0,21,3,1,1,0,0,0,6,1,1,0,15,18,10KS0320PHD
120118 ,KV ,383 ,BSLAS ,0438 ,Integrative Biology ,  ,  ,383,168,215,0,259,48,15,33,2,1,5,19,1,19,4,355,28,10KV0438BSLA
120118 ,KV ,383 ,BSLAS ,0438 ,Integrative Biology ,  ,  ,12,5,7,0,10,2,0,0,0,0,0,0,0,0,0,12,0,10KV8037BSLA
120118 ,KV ,383 ,BSLAS ,0438 ,Integrative Biology ,5028 ,Honors Integrative Biology ,40,19,21,0,32,4,0,1,0,0,0,2,1,0,0,36,4,10KV5028BSLA
120118 ,KV ,383 ,BSLAS ,0438 ,Integrative Biology ,5028 ,Honors Integrative Biology ,4,2,2,0,4,0,0,0,0,0,0,0,0,0,0,4,0,10KV8037BSLA
120118 ,KV ,383 ,MS ,0314 ,Biology ,  ,  ,14,9,5,0,6,6,1,0,0,0,1,0,0,1,0,11,3,10KS0314MS
120118 ,KV ,383 ,MS ,0314 ,Biology ,0315 ,"Ecology, Ethology, Evolution ",2,1,1,0,2,0,0,0,0,0,0,0,0,0,0,0,2,10KS0315MS
120118 ,KV ,383 ,MS ,5107 ,"Ecol, Evol, Conservation Biol ",  ,  ,2,2,0,0,2,0,0,0,0,0,0,0,0,0,0,1,1,10KS5107MS
120118 ,KV ,383 ,PHD ,0314 ,Biology ,0315 ,"Ecology, Ethology, Evolution ",14,7,7,0,11,0,0,0,0,0,1,2,0,0,0,0,14,10KS0315PHD
120118 ,KV ,383 ,PHD ,0314 ,Biology ,0316 ,Ecology & Evolutionary Biology ,5,0,5,0,4,0,0,0,0,0,1,0,0,0,1,2,3,10KS0316PHD
120118 ,KV ,383 ,PHD ,0314 ,Biology ,0317 ,Physiol & Molec Plant Biology ,3,2,1,0,1,0,0,0,0,0,0,2,0,0,0,1,2,10KS0317PHD
120118 ,KV ,383 ,PHD ,5107 ,"Ecol, Evol, Conservation Biol ",  ,  ,21,8,13,0,14,2,0,1,1,0,0,2,1,0,1,7,14,10KS5107PHD
120118 ,KV ,397 ,BSLAS ,0314 ,Biology ,3993 ,Biology Teacher Educ Option ,8,4,4,0,8,0,0,0,0,0,0,0,0,0,0,7,1,10KV3993BSLA
120118 ,KV ,397 ,MS ,0293 ,Teaching of Biological Science ,  ,  ,1,1,0,0,1,0,0,0,0,0,0,0,0,0,0,1,0,10KS0293MS
120118 ,KV ,397 ,NONE ,0314 ,Biology ,  ,  ,770,324,446,0,390,203,53,63,1,0,21,32,7,64,8,696,74,10KV0314NONE
120118 ,KV ,405 ,BALAS ,0074 ,Economics ,  ,  ,639,446,193,0,217,88,6,12,0,0,8,304,4,7,0,307,332,10KV0074BALA
120118 ,KV ,405 ,BALAS ,0074 ,Economics ,  ,  ,48,31,17,0,15,10,1,2,0,0,1,19,0,1,0,26,22,10KV8037BALA
120118 ,KV ,405 ,MS ,0074 ,Economics ,3925 ,Policy Economics ,149,86,63,0,2,5,1,0,0,0,1,139,1,2,0,2,147,10KS3925MS
120118 ,KV ,405 ,PHD ,0074 ,Economics ,  ,  ,92,60,32,0,10,7,0,4,0,0,1,69,1,0,0,4,88,10KS0074PHD
120118 ,KV ,413 ,BS ,0335 ,Chemistry ,  ,  ,158,101,57,0,83,35,5,9,0,0,2,23,1,5,0,124,34,10KV0335BS
120118 ,KV ,413 ,BS ,0335 ,Chemistry ,5023 ,Environmental Chemistry ,4,2,2,0,3,0,0,0,0,0,0,1,0,0,0,3,1,10KV5023BS
120118 ,KV ,413 ,BSLAS ,0335 ,Chemistry ,  ,  ,295,167,128,0,131,80,14,14,0,1,4,46,5,15,2,231,64,10KV0335BSLA
120118 ,KV ,413 ,BSLAS ,0335 ,Chemistry ,  ,  ,12,4,8,0,8,0,0,1,0,0,2,1,0,0,0,11,1,10KV8037BSLA
120118 ,KV ,413 ,BSLAS ,0335 ,Chemistry ,3918 ,Chemistry Teaching Option ,14,8,6,0,10,3,0,1,0,0,0,0,0,0,0,14,0,10KV3918BSLA
120118 ,KV ,413 ,PHD ,0335 ,Chemistry ,  ,  ,270,177,93,0,161,19,3,7,1,0,8,67,4,3,2,18,252,10KS0335PHD
120118 ,KV ,413 ,PHD ,0337 ,Chemical Physics ,  ,  ,10,8,2,0,4,0,1,1,0,0,0,4,0,1,0,0,10,10KS0337PHD
120118 ,KV ,415 ,BSLAS ,0433 ,Molecular and Cellular Biology ,  ,  ,928,491,437,0,504,242,52,51,1,6,14,50,8,56,2,852,76,10KV0433BSLA
120118 ,KV ,415 ,BSLAS ,0433 ,Molecular and Cellular Biology ,  ,  ,53,26,27,0,28,24,1,0,0,0,0,0,0,1,0,52,1,10KV8037BSLA
120118 ,KV ,415 ,BSLAS ,0433 ,Molecular and Cellular Biology ,5121 ,Honors ,62,35,27,0,33,17,3,3,0,0,3,3,0,3,0,59,3,10KV0433BSLA
120118 ,KV ,415 ,BSLAS ,0433 ,Molecular and Cellular Biology ,5121 ,Honors ,8,3,5,0,4,4,0,0,0,0,0,0,0,0,0,8,0,10KV8037BSLA
120118 ,KV ,415 ,NONE ,3854 ,Molecular&Cell Bio-undeclared ,  ,  ,38,23,15,0,17,1,0,0,0,0,0,20,0,0,0,4,34,10KS3854NONE
120118 ,KV ,415 ,PHD ,0319 ,Biophysics & Computnl Biology ,  ,  ,70,55,15,0,18,5,0,2,0,0,1,44,0,0,0,8,62,10KS0319PHD
120118 ,KV ,415 ,PHD ,0323 ,Neuroscience ,  ,  ,60,27,33,0,28,9,2,6,0,1,1,12,1,3,1,18,42,10KS0323PHD
120118 ,KV ,430 ,BALAS ,0333 ,Astronomy ,  ,  ,1,0,1,0,0,1,0,0,0,0,0,0,0,0,0,1,0,10KV0333BALA
120118 ,KV ,430 ,BSLAS ,0333 ,Astronomy ,  ,  ,38,26,12,0,22,5,0,6,1,0,1,3,0,1,2,34,4,10KV0333BSLA
120118 ,KV ,430 ,MS ,0333 ,Astronomy ,  ,  ,2,1,1,0,2,0,0,0,0,0,0,0,0,0,0,2,0,10KS0333MS
120118 ,KV ,430 ,PHD ,0333 ,Astronomy ,  ,  ,23,11,12,0,7,2,0,1,0,0,0,13,0,0,0,1,22,10KS0333PHD
120118 ,KV ,438 ,BS ,0318 ,Biochemistry ,  ,  ,141,84,57,0,63,44,4,3,0,0,6,20,1,5,0,113,28,10KV0318BS
120118 ,KV ,438 ,BSLAS ,0318 ,Biochemistry ,  ,  ,1,0,1,0,0,1,0,0,0,0,0,0,0,0,0,1,0,10KV0318BSLA
120118 ,KV ,438 ,MS ,0318 ,Biochemistry ,  ,  ,1,0,1,0,0,0,0,0,0,0,0,1,0,0,0,0,1,10KS0318MS
120118 ,KV ,438 ,PHD ,0318 ,Biochemistry ,  ,  ,65,32,33,0,19,8,0,5,0,0,1,32,0,0,1,16,49,10KS0318PHD
120118 ,KV ,451 ,BALAS ,0342 ,History ,  ,  ,346,236,109,1,289,15,7,20,0,1,5,8,1,11,0,333,13,10KV0342BALA
120118 ,KV ,451 ,BALAS ,0342 ,History ,  ,  ,19,8,11,0,16,0,0,3,0,0,0,0,0,0,0,17,2,10KV8037BALA
120118 ,KV ,451 ,BALAS ,0342 ,History ,3917 ,Teaching of Social Studies ,3,3,0,0,2,0,0,0,0,0,1,0,0,1,0,3,0,10KV3917BALA
120118 ,KV ,451 ,BALAS ,0342 ,History ,5280 ,Social Science: History Tchng ,69,42,27,0,58,2,0,7,0,0,2,0,0,2,0,67,2,10KV0342BALA
120118 ,KV ,451 ,PHD ,0342 ,History ,  ,  ,92,47,45,0,60,2,9,2,0,0,5,12,2,11,1,15,77,10KS0342PHD
120118 ,KV ,461 ,MA ,0283 ,African Studies ,  ,  ,6,5,1,0,2,0,2,0,0,0,0,2,0,2,0,2,4,10KS0283MA
120118 ,KV ,489 ,BALAS ,0313 ,Speech Communication ,  ,  ,9,2,7,0,5,0,1,1,0,0,0,2,0,1,0,7,2,10KV0313BALA
120118 ,KV ,489 ,BALAS ,5164 ,Communication ,  ,  ,793,333,459,1,470,45,146,68,1,0,10,49,4,151,3,703,90,10KV5164BALA
120118 ,KV ,489 ,BALAS ,5164 ,Communication ,  ,  ,13,6,7,0,7,2,1,3,0,0,0,0,0,1,0,12,1,10KV8037BALA
120118 ,KV ,489 ,MA ,5164 ,Communication ,  ,  ,29,7,22,0,16,1,3,3,0,0,0,5,1,3,0,15,14,10KS5164MA
120118 ,KV ,489 ,MS ,5285 ,Health Communication ,  ,  ,1,0,1,0,1,0,0,0,0,0,0,0,0,0,0,1,0,10KS5285MSU
120118 ,KV ,489 ,PHD ,0313 ,Speech Communication ,  ,  ,4,4,0,0,3,0,0,1,0,0,0,0,0,0,0,1,3,10KS0313PHD
120118 ,KV ,489 ,PHD ,5164 ,Communication ,  ,  ,31,8,23,0,24,1,3,0,0,0,0,2,1,3,0,11,20,10KS5164PHD
120118 ,KV ,490 ,BALAS ,0443 ,Religious Studies ,  ,  ,2,1,1,0,1,1,0,0,0,0,0,0,0,0,0,2,0,10KV0443BALA
120118 ,KV ,490 ,BALAS ,0443 ,Religious Studies ,3899 ,Christianity ,1,0,1,0,1,0,0,0,0,0,0,0,0,0,0,1,0,10KV3899BALA
120118 ,KV ,490 ,BALAS ,0443 ,Religious Studies ,3900 ,Islam ,2,0,2,0,1,0,0,0,0,0,1,0,0,0,0,2,0,10KV3900BALA
120118 ,KV ,490 ,BALAS ,5197 ,Religion ,  ,  ,13,7,6,0,8,4,0,1,0,0,0,0,0,0,0,13,0,10KV5197BALA
120118 ,KV ,490 ,BALAS ,5197 ,Religion ,3899 ,Christianity ,3,2,1,0,1,0,2,0,0,0,0,0,0,2,0,3,0,10KV5197BALA
120118 ,KV ,490 ,BALAS ,5197 ,Religion ,3901 ,Judaica ,1,1,0,0,0,0,0,0,0,0,0,0,1,0,0,1,0,10KV5197BALA
120118 ,KV ,490 ,BALAS ,5197 ,Religion ,3902 ,Philosophy of Religion ,1,1,0,0,1,0,0,0,0,0,0,0,0,0,0,1,0,10KV5197BALA
120118 ,KV ,490 ,BALAS ,5197 ,Religion ,3904 ,Asian Religions ,1,1,0,0,1,0,0,0,0,0,0,0,0,0,0,1,0,10KV5197BALA
120118 ,KV ,499 ,BALAS ,0311 ,English ,  ,  ,443,141,301,1,322,34,34,34,0,0,8,6,5,42,4,428,15,10KV0311BALA
120118 ,KV ,499 ,BALAS ,0311 ,English ,  ,  ,42,13,29,0,33,4,2,1,0,0,1,1,0,2,0,41,1,10KV8037BALA
120118 ,KV ,499 ,BALAS ,0311 ,English ,3916 ,English Teaching Option ,90,21,69,0,77,6,2,3,0,0,2,0,0,3,0,89,1,10KV3916BALA
120118 ,KV ,499 ,BALAS ,0311 ,English ,3916 ,English Teaching Option ,1,0,1,0,1,0,0,0,0,0,0,0,0,0,0,1,0,10KV8037BALA
120118 ,KV ,499 ,BALAS ,0420 ,Rhetoric ,  ,  ,4,1,3,0,3,0,0,0,0,0,1,0,0,0,0,4,0,10KV0420BALA
120118 ,KV ,499 ,BALAS ,0420 ,Rhetoric ,3892 ,Creative Writing ,93,45,48,0,51,11,17,8,0,0,2,0,4,20,0,92,1,10KV3892BALA
120118 ,KV ,499 ,BALAS ,0420 ,Rhetoric ,3892 ,Creative Writing ,10,3,7,0,6,1,1,2,0,0,0,0,0,1,0,10,0,10KV8037BALA
120118 ,KV ,499 ,BSLAS ,0311 ,English ,  ,  ,1,1,0,0,1,0,0,0,0,0,0,0,0,0,0,1,0,10KV0311BSLA
120118 ,KV ,499 ,MA ,0311 ,English ,  ,  ,16,5,11,0,13,1,1,1,0,0,0,0,0,1,0,6,10,10KS0311MA
120118 ,KV ,499 ,MFA ,1136 ,Creative Writing ,  ,  ,16,7,9,0,13,1,0,1,0,0,0,0,1,0,0,4,12,10KS1136MFA
120118 ,KV ,499 ,NDEG ,0311 ,English ,  ,  ,2,1,1,0,0,0,0,0,0,0,0,2,0,0,0,0,2,10KS0311NDEG
120118 ,KV ,499 ,PHD ,0311 ,English ,  ,  ,101,32,69,0,70,8,2,11,1,0,0,9,0,2,1,23,78,10KS0311PHD
120118 ,KV ,499 ,PHD ,0311 ,English ,5080 ,Medieval Studies ,1,0,1,0,1,0,0,0,0,0,0,0,0,0,0,0,1,10KS0311PHD
120118 ,KV ,514 ,BALAS ,0308 ,Classics ,  ,  ,6,4,2,0,5,1,0,0,0,0,0,0,0,0,0,5,1,10KV0308BALA
120118 ,KV ,514 ,BALAS ,0308 ,Classics ,  ,  ,2,1,1,0,1,1,0,0,0,0,0,0,0,0,0,2,0,10KV8037BALA
120118 ,KV ,514 ,BALAS ,0308 ,Classics ,0309 ,Greek ,1,1,0,0,0,0,0,1,0,0,0,0,0,0,0,0,1,10KV0309BALA
120118 ,KV ,514 ,BALAS ,0308 ,Classics ,0310 ,Latin ,4,1,3,0,3,0,0,0,0,0,1,0,0,0,0,4,0,10KV0310BALA
120118 ,KV ,514 ,BALAS ,0308 ,Classics ,3878 ,Classical Civilization ,3,2,1,0,2,0,0,1,0,0,0,0,0,0,0,3,0,10KV3878BALA
120118 ,KV ,514 ,MA ,0308 ,Classics ,  ,  ,10,6,4,0,8,0,0,1,0,0,0,1,0,0,0,2,8,10KS0308MA
120118 ,KV ,514 ,MA ,0345 ,Teaching of Latin ,  ,  ,2,0,2,0,1,0,0,0,0,0,1,0,0,0,1,1,1,10KS0345MA
120118 ,KV ,514 ,PHD ,0347 ,Classical Philology ,  ,  ,8,5,3,0,5,1,0,2,0,0,0,0,0,0,0,1,7,10KS0347PHD
120118 ,KV ,553 ,BALAS ,0287 ,Russian & E European Studies ,  ,  ,2,1,1,0,1,0,0,0,0,0,1,0,0,1,0,2,0,10KV0287BALA
120118 ,KV ,553 ,BALAS ,4097 ,"Russian, E Eur, Eurasian St ",  ,  ,3,2,1,0,3,0,0,0,0,0,0,0,0,0,0,3,0,10KV4097BALA
120118 ,KV ,553 ,MA ,4097 ,"Russian, E Eur, Eurasian St ",  ,  ,3,1,2,0,3,0,0,0,0,0,0,0,0,0,0,1,2,10KS4097MA
120118 ,KV ,580 ,BALAS ,0150 ,History of Art ,  ,  ,33,1,32,0,18,6,2,0,0,1,1,4,1,2,0,27,6,10KV0150BALA
120118 ,KV ,580 ,BALAS ,0401 ,International Studies ,  ,  ,44,12,31,1,17,7,3,6,0,0,2,8,1,4,1,35,9,10KV0401BALA
120118 ,KV ,580 ,BALAS ,0401 ,International Studies ,  ,  ,3,0,3,0,2,1,0,0,0,0,0,0,0,0,0,3,0,10KV8037BALA
120118 ,KV ,580 ,BALAS ,0463 ,Individual Plans of Study ,  ,  ,2,1,1,0,2,0,0,0,0,0,0,0,0,0,0,2,0,10KV0463BALA
120118 ,KV ,580 ,BALAS ,3865 ,Interdisciplinary ,  ,  ,4,2,2,0,2,1,0,0,0,1,0,0,0,0,0,4,0,10KV3865BALA
120118 ,KV ,580 ,BALAS ,3865 ,Interdisciplinary ,3867 ,Renaissance Studies ,1,0,1,0,1,0,0,0,0,0,0,0,0,0,0,1,0,10KV3867BALA
120118 ,KV ,580 ,BALAS ,3865 ,Interdisciplinary ,3869 ,Cinema Studies ,4,4,0,0,1,2,1,0,0,0,0,0,0,1,0,4,0,10KV3869BALA
120118 ,KV ,580 ,BALAS ,3865 ,Interdisciplinary ,4029 ,Gender and Women's Studies ,1,0,1,0,1,0,0,0,0,0,0,0,0,0,0,1,0,10KV4029BALA
120118 ,KV ,580 ,BALAS ,5206 ,Global Studies ,  ,  ,249,71,178,0,145,34,14,27,0,1,6,20,2,15,1,221,28,10KV5206BALA
120118 ,KV ,580 ,BALAS ,5206 ,Global Studies ,  ,  ,14,5,9,0,8,2,0,2,0,0,1,1,0,1,0,12,2,10KV8037BALA
120118 ,KV ,580 ,BS ,0240 ,Physics ,  ,  ,142,125,17,0,81,17,2,8,0,0,4,28,2,2,3,95,47,10KV0240BS
120118 ,KV ,580 ,BSLAS ,0240 ,Physics ,  ,  ,91,76,15,0,54,6,0,4,0,0,0,27,0,0,0,59,32,10KV0240BSLA
120118 ,KV ,580 ,BSLAS ,0240 ,Physics ,  ,  ,1,1,0,0,0,0,0,0,0,0,0,1,0,0,0,0,1,10KV8037BSLA
120118 ,KV ,580 ,BSLAS ,0240 ,Physics ,3919 ,Physics Teaching Option ,8,7,1,0,5,1,0,2,0,0,0,0,0,0,0,8,0,10KV3919BSLA
120118 ,KV ,580 ,BSLAS ,0463 ,Individual Plans of Study ,  ,  ,3,3,0,0,1,2,0,0,0,0,0,0,0,0,0,3,0,10KV0463BSLA
120118 ,KV ,580 ,NDEG ,0067 ,Nondegree ,  ,  ,176,84,92,0,59,5,3,3,0,0,4,97,5,4,1,65,111,10KV0067NDEG
120118 ,KV ,580 ,NONE ,0390 ,General Curriculum ,  ,  ,24,12,12,0,4,0,16,4,0,0,0,0,0,16,0,23,1,10KV0390NONE
120118 ,KV ,580 ,NONE ,5246 ,LAS - Undeclared ,  ,  ,177,69,108,0,2,2,126,35,1,0,8,1,2,135,4,160,17,10KV5246NONE
120118 ,KV ,583 ,BALAS ,0329 ,Statistics ,  ,  ,1,1,0,0,0,0,0,0,0,0,0,1,0,0,0,0,1,10KV0329BALA
120118 ,KV ,583 ,BSLAS ,0329 ,Statistics ,  ,  ,123,76,47,0,58,19,7,3,0,0,0,35,1,7,1,84,39,10KV0329BSLA
120118 ,KV ,583 ,BSLAS ,0329 ,Statistics ,  ,  ,13,7,6,0,2,3,0,0,0,0,0,8,0,0,0,5,8,10KV8037BSLA
120118 ,KV ,583 ,BSLAS ,0464 ,Statistics & Computer Science ,  ,  ,15,11,4,0,5,2,1,0,0,0,0,7,0,1,0,8,7,10KV0464BSLA
120118 ,KV ,583 ,BSLAS ,0464 ,Statistics & Computer Science ,  ,  ,1,0,1,0,0,0,0,0,0,0,0,1,0,0,0,0,1,10KV8037BSLA
120118 ,KV ,583 ,MS ,0329 ,Statistics ,  ,  ,41,16,25,0,3,4,0,1,0,0,0,33,0,0,0,6,35,10KS0329MS
120118 ,KV ,583 ,MS ,0329 ,Statistics ,0331 ,Applied ,1,1,0,0,1,0,0,0,0,0,0,0,0,0,0,1,0,10KS0331MS
120118 ,KV ,583 ,MS ,0329 ,Statistics ,5165 ,Analytics ,13,6,7,0,8,0,0,0,0,0,0,4,1,0,0,8,5,10KS5165MS
120118 ,KV ,583 ,PHD ,0329 ,Statistics ,  ,  ,28,19,9,0,5,4,2,0,0,0,0,17,0,2,0,5,23,10KS0329PHD
120118 ,KV ,584 ,PHD ,0321 ,Cell and Structural Biology ,  ,  ,2,2,0,0,0,0,0,0,0,0,0,2,0,0,0,0,2,10KS0321PHD
120118 ,KV ,584 ,PHD ,4094 ,Cell and Developmental Biology ,  ,  ,38,18,20,0,10,5,0,1,0,0,0,22,0,0,0,7,31,10KS4094PHD
120118 ,KV ,585 ,BA ,0297 ,Teaching of Spanish ,  ,  ,26,3,23,0,22,2,0,0,0,0,2,0,0,0,1,26,0,10KV0297BA
120118 ,KV ,585 ,BALAS ,0305 ,Italian ,  ,  ,3,2,1,0,2,0,0,1,0,0,0,0,0,0,0,3,0,10KV0305BALA
120118 ,KV ,585 ,BALAS ,0306 ,Portuguese ,  ,  ,1,1,0,0,1,0,0,0,0,0,0,0,0,0,0,1,0,10KV0306BALA
120118 ,KV ,585 ,BALAS ,0307 ,Spanish ,  ,  ,141,40,101,0,99,4,4,30,0,0,2,2,0,6,1,139,2,10KV0307BALA
120118 ,KV ,585 ,BALAS ,0307 ,Spanish ,  ,  ,27,1,26,0,21,0,1,3,0,0,2,0,0,1,1,26,1,10KV8037BALA
120118 ,KV ,585 ,MA ,0305 ,Italian ,  ,  ,1,0,1,0,0,0,0,1,0,0,0,0,0,0,0,0,1,10KS0305MA
120118 ,KV ,585 ,MA ,0306 ,Portuguese ,  ,  ,1,0,1,0,0,0,0,0,0,0,0,1,0,0,0,0,1,10KS0306MA
120118 ,KV ,585 ,MA ,0307 ,Spanish ,  ,  ,5,2,3,0,2,0,0,1,0,0,0,0,2,0,0,3,2,10KS0307MA
120118 ,KV ,585 ,NDEG ,0307 ,Spanish ,  ,  ,2,1,1,0,0,0,0,1,0,0,0,1,0,0,0,1,1,10KS0307NDEG
120118 ,KV ,585 ,PHD ,0305 ,Italian ,  ,  ,2,1,1,0,1,0,0,0,0,0,0,1,0,0,0,0,2,10KS0305PHD
120118 ,KV ,585 ,PHD ,0306 ,Portuguese ,  ,  ,2,1,1,0,0,0,0,1,0,0,0,1,0,0,0,0,2,10KS0306PHD
120118 ,KV ,585 ,PHD ,0307 ,Spanish ,  ,  ,29,6,23,0,10,0,0,9,0,0,0,10,0,3,0,6,23,10KS0307PHD
120118 ,KV ,604 ,PHD ,0325 ,Molecular & Integrative Physi ,  ,  ,31,15,16,0,15,3,1,2,0,0,0,10,0,1,0,10,21,10KS0325PHD
120118 ,KV ,655 ,BALAS ,0336 ,Geology ,  ,  ,1,1,0,0,1,0,0,0,0,0,0,0,0,0,0,0,1,10KV0336BALA
120118 ,KV ,655 ,BS ,0336 ,Geology ,  ,  ,11,8,3,0,8,1,1,1,0,0,0,0,0,1,0,11,0,10KV0336BS
120118 ,KV ,655 ,BS ,0336 ,Geology ,3880 ,Geophysics ,3,2,1,0,2,0,0,0,0,0,0,1,0,0,0,2,1,10KV3880BS
120118 ,KV ,655 ,BS ,0336 ,Geology ,3881 ,Environmental Geology ,4,4,0,0,3,1,0,0,0,0,0,0,0,0,0,4,0,10KV3881BS
120118 ,KV ,655 ,BSLAS ,0336 ,Geology ,  ,  ,17,11,6,0,12,1,0,2,1,0,0,1,0,0,2,13,4,10KV0336BSLA
120118 ,KV ,655 ,BSLAS ,0336 ,Geology ,3879 ,Teaching of Earth Science ,1,0,1,0,1,0,0,0,0,0,0,0,0,0,0,1,0,10KV3879BSLA
120118 ,KV ,655 ,BSLAS ,0336 ,Geology ,3882 ,Earth & Environmental Sciences ,3,1,2,0,2,0,0,0,0,0,1,0,0,1,1,3,0,10KV3882BSLA
120118 ,KV ,655 ,MS ,0336 ,Geology ,  ,  ,10,3,7,0,8,1,0,0,0,0,0,0,1,0,0,6,4,10KS0336MS
120118 ,KV ,655 ,PHD ,0336 ,Geology ,  ,  ,15,8,7,0,5,0,0,0,0,0,0,10,0,0,0,2,13,10KS0336PHD
120118 ,KV ,670 ,MA ,5203 ,European Union Studies ,  ,  ,8,2,6,0,8,0,0,0,0,0,0,0,0,0,0,7,1,10KS5203MA
120118 ,KV ,680 ,BALAS ,1279 ,Gender and Women's Studies ,  ,  ,16,3,13,0,7,2,6,1,0,0,0,0,0,6,0,16,0,10KV1279BALA
120118 ,KV ,687 ,BS ,0300 ,Chemical Engineering ,  ,  ,527,355,172,0,291,100,14,27,1,1,13,76,4,17,1,400,127,10KV0300BS
120118 ,KV ,687 ,BS ,0300 ,Chemical Engineering ,5029 ,Biomolecular Engineering ,13,10,3,0,6,2,0,1,0,0,2,1,1,0,1,12,1,10KV5029BS
120118 ,KV ,687 ,MS ,0300 ,Chemical Engineering ,  ,  ,3,0,3,0,1,0,0,0,0,0,0,2,0,0,0,0,3,10KS0300MS
120118 ,KV ,687 ,NDEG ,0300 ,Chemical Engineering ,  ,  ,1,0,1,0,0,0,0,1,0,0,0,0,0,0,0,0,1,10KS0300NDEG
120118 ,KV ,687 ,NONE ,0300 ,Chemical Engineering ,  ,  ,1,0,1,0,0,0,0,0,0,0,0,1,0,0,0,0,1,10KS0300NONE
120118 ,KV ,687 ,PHD ,0300 ,Chemical Engineering ,  ,  ,99,66,33,0,39,11,0,2,0,0,1,44,2,0,0,5,94,10KS0300PHD
120118 ,KV ,710 ,BALAS ,0343 ,Political Science ,  ,  ,688,430,258,0,440,71,48,77,0,2,11,35,4,56,9,626,62,10KV0343BALA
120118 ,KV ,710 ,BALAS ,0343 ,Political Science ,  ,  ,74,37,37,0,48,12,5,5,0,0,1,2,1,5,0,69,5,10KV8037BALA
120118 ,KV ,710 ,BSLAS ,0343 ,Political Science ,  ,  ,3,3,0,0,3,0,0,0,0,0,0,0,0,0,0,3,0,10KV0343BSLA
120118 ,KV ,710 ,MA ,0343 ,Political Science ,  ,  ,1,0,1,0,1,0,0,0,0,0,0,0,0,0,0,1,0,10KS0343MA
120118 ,KV ,710 ,MA ,0343 ,Political Science ,5120 ,Civic Leadership ,9,3,6,0,7,2,0,0,0,0,0,0,0,0,0,7,2,10KS0343MA
120118 ,KV ,710 ,PHD ,0343 ,Political Science ,  ,  ,51,31,20,0,40,4,1,1,0,0,0,5,0,1,1,5,46,10KS0343PHD
120118 ,KV ,715 ,BALAS ,0332 ,Philosophy ,  ,  ,94,68,26,0,59,13,6,7,0,0,2,6,1,7,1,85,9,10KV0332BALA
120118 ,KV ,715 ,BALAS ,0332 ,Philosophy ,  ,  ,2,2,0,0,1,1,0,0,0,0,0,0,0,0,0,2,0,10KV8037BALA
120118 ,KV ,715 ,PHD ,0332 ,Philosophy ,  ,  ,33,29,4,0,30,1,0,0,0,0,0,2,0,0,0,8,25,10KS0332PHD
120118 ,KV ,729 ,BALAS ,0286 ,Latin American Studies ,  ,  ,6,3,3,0,2,0,1,3,0,0,0,0,0,1,1,6,0,10KV0286BALA
120118 ,KV ,729 ,BALAS ,0286 ,Latin American Studies ,  ,  ,1,1,0,0,0,0,0,1,0,0,0,0,0,0,0,1,0,10KV8037BALA
120118 ,KV ,729 ,MA ,0286 ,Latin American Studies ,  ,  ,5,2,3,0,2,0,0,2,0,0,0,1,0,0,0,2,3,10KS0286MA
120118 ,KV ,748 ,MA ,0299 ,Teaching of English Sec Lang ,  ,  ,18,2,16,0,6,2,0,0,0,0,0,10,0,0,0,4,14,10KS0299MA
120118 ,KV ,748 ,NDEG ,0299 ,Teaching of English Sec Lang ,  ,  ,2,0,2,0,0,2,0,0,0,0,0,0,0,0,0,1,1,10KS0299NDEG
120118 ,KV ,771 ,BALAS ,1120 ,Comparative Literature ,  ,  ,6,1,4,1,3,1,1,1,0,0,0,0,0,1,0,6,0,10KV1120BALA
120118 ,KV ,771 ,BALAS ,1120 ,Comparative Literature ,  ,  ,2,2,0,0,2,0,0,0,0,0,0,0,0,0,0,2,0,10KV8037BALA
120118 ,KV ,771 ,BALAS ,1120 ,Comparative Literature ,3905 ,World Literature ,4,1,2,1,2,0,0,0,0,0,0,1,1,0,0,4,0,10KV3905BALA
120118 ,KV ,771 ,MA ,1120 ,Comparative Literature ,  ,  ,8,4,4,0,4,0,0,0,0,0,0,4,0,0,0,0,8,10KS1120MA
120118 ,KV ,771 ,PHD ,1120 ,Comparative Literature ,  ,  ,12,2,10,0,7,1,0,0,0,0,0,4,0,0,0,1,11,10KS1120PHD
120118 ,KV ,864 ,BALAS ,0301 ,Linguistics ,  ,  ,46,21,25,0,34,7,1,0,0,0,2,2,0,2,0,41,5,10KV0301BALA
120118 ,KV ,864 ,BALAS ,0301 ,Linguistics ,  ,  ,1,0,1,0,1,0,0,0,0,0,0,0,0,0,0,1,0,10KV8037BALA
120118 ,KV ,864 ,BALAS ,0301 ,Linguistics ,3874 ,Hebrew Language & Linguistics ,2,1,1,0,1,0,0,0,0,0,1,0,0,0,0,2,0,10KV3874BALA
120118 ,KV ,864 ,MA ,0299 ,Teaching of English Sec Lang ,  ,  ,29,6,23,0,10,5,1,2,0,0,0,11,0,1,0,14,15,10KS0299MA
120118 ,KV ,864 ,MA ,0301 ,Linguistics ,  ,  ,22,7,15,0,10,1,0,0,0,0,0,11,0,0,0,3,19,10KS0301MA
120118 ,KV ,864 ,NONE ,0301 ,Linguistics ,  ,  ,1,0,1,0,0,0,0,0,0,0,0,0,1,0,0,1,0,10KV0301NONE
120118 ,KV ,864 ,PHD ,0301 ,Linguistics ,  ,  ,31,12,19,0,10,5,1,1,0,0,0,14,0,1,0,7,24,10KS0301PHD
120118 ,KV ,872 ,BALAS ,0341 ,Geography ,  ,  ,15,14,1,0,12,0,2,0,0,0,0,1,0,2,0,14,1,10KV0341BALA
120118 ,KV ,872 ,BALAS ,0341 ,Geography ,3884 ,Human Geography ,3,2,1,0,3,0,0,0,0,0,0,0,0,0,0,3,0,10KV3884BALA
120118 ,KV ,872 ,BALAS ,0341 ,Geography ,3885 ,Physical Geography ,2,1,1,0,1,0,0,1,0,0,0,0,0,0,0,2,0,10KV3885BALA
120118 ,KV ,872 ,BALAS ,0341 ,Geography ,3886 ,Geographic Information Science ,2,1,1,0,1,1,0,0,0,0,0,0,0,0,0,2,0,10KV3886BALA
120118 ,KV ,872 ,MA ,0341 ,Geography ,  ,  ,5,4,1,0,3,0,0,0,0,0,0,1,1,0,0,3,2,10KS0341MA
120118 ,KV ,872 ,MS ,0341 ,Geography ,  ,  ,2,1,1,0,0,0,0,0,0,0,0,2,0,0,0,0,2,10KS0341MS
120118 ,KV ,872 ,NDEG ,0341 ,Geography ,  ,  ,1,0,1,0,1,0,0,0,0,0,0,0,0,0,0,1,0,10KS0341NDEG
120118 ,KV ,872 ,PHD ,0341 ,Geography ,  ,  ,33,21,12,0,14,1,3,1,0,0,1,13,0,3,1,5,28,10KS0341PHD
120118 ,KV ,927 ,BA ,0296 ,Teaching of German ,  ,  ,1,0,1,0,0,1,0,0,0,0,0,0,0,0,0,1,0,10KV0296BA
120118 ,KV ,927 ,BALAS ,0412 ,Germanic Lang & Lit ,  ,  ,9,3,6,0,6,0,0,1,0,0,2,0,0,0,0,9,0,10KV0412BALA
120118 ,KV ,927 ,BALAS ,0412 ,Germanic Lang & Lit ,3887 ,German and Commercial Studies ,1,0,1,0,1,0,0,0,0,0,0,0,0,0,0,1,0,10KV3887BALA
120118 ,KV ,927 ,BALAS ,0412 ,Germanic Lang & Lit ,3888 ,Language and Literature ,1,0,1,0,1,0,0,0,0,0,0,0,0,0,0,1,0,10KV3888BALA
120118 ,KV ,927 ,BALAS ,0412 ,Germanic Lang & Lit ,3888 ,Language and Literature ,1,0,1,0,1,0,0,0,0,0,0,0,0,0,0,1,0,10KV8037BALA
120118 ,KV ,927 ,BALAS ,0412 ,Germanic Lang & Lit ,3889 ,Language Studies ,1,1,0,0,1,0,0,0,0,0,0,0,0,0,0,1,0,10KV8037BALA
120118 ,KV ,927 ,BALAS ,0412 ,Germanic Lang & Lit ,3890 ,Modern German Studies ,1,0,1,0,1,0,0,0,0,0,0,0,0,0,0,1,0,10KV3890BALA
120118 ,KV ,927 ,MA ,0303 ,German ,  ,  ,6,2,4,0,5,0,0,0,0,0,1,0,0,0,0,3,3,10KS0303MA
120118 ,KV ,927 ,NDEG ,0303 ,German ,  ,  ,2,1,1,0,0,0,0,0,0,0,0,2,0,0,0,0,2,10KS0303NDEG
120118 ,KV ,927 ,PHD ,0303 ,German ,  ,  ,8,4,4,0,4,0,0,0,0,0,0,4,0,0,0,0,8,10KS0303PHD
120118 ,KV ,948 ,PHD ,0322 ,Microbiology ,  ,  ,60,21,39,0,29,3,1,6,1,0,1,17,2,1,1,12,48,10KS0322PHD
120118 ,KV ,958 ,BALAS ,0411 ,Russian Lang & Literature ,  ,  ,3,1,2,0,2,0,0,0,0,0,0,1,0,0,0,2,1,10KV0411BALA
120118 ,KV ,958 ,MA ,0302 ,Slavic Languages & Literature ,  ,  ,5,1,4,0,3,0,1,1,0,0,0,0,0,1,0,3,2,10KS0302MA
120118 ,KV ,958 ,PHD ,0302 ,Slavic Languages & Literature ,  ,  ,10,1,9,0,1,1,0,0,0,0,0,6,2,0,0,0,10,10KS0302PHD
120118 ,KV ,982 ,BALAS ,5167 ,Latina/Latino Studies ,  ,  ,8,3,5,0,0,0,0,8,0,0,0,0,0,0,0,8,0,10KV5167BALA
120118 ,KV ,985 ,BA ,0295 ,Teaching of French ,  ,  ,2,0,2,0,2,0,0,0,0,0,0,0,0,0,0,2,0,10KV0295BA
120118 ,KV ,985 ,BALAS ,0304 ,French ,  ,  ,32,6,26,0,26,1,1,1,0,0,1,2,0,1,1,29,3,10KV0304BALA
120118 ,KV ,985 ,BALAS ,0304 ,French ,3875 ,French Commercial Studies ,5,3,2,0,5,0,0,0,0,0,0,0,0,0,0,5,0,10KV3875BALA
120118 ,KV ,985 ,BALAS ,0304 ,French ,3876 ,French Studies ,13,5,8,0,7,0,1,2,0,0,3,0,0,3,1,13,0,10KV3876BALA
120118 ,KV ,985 ,MA ,0304 ,French ,  ,  ,6,1,5,0,5,0,1,0,0,0,0,0,0,1,0,3,3,10KS0304MA
120118 ,KV ,985 ,NDEG ,0304 ,French ,  ,  ,1,0,1,0,0,0,0,0,0,0,0,1,0,0,0,0,1,10KS0304NDEG
120118 ,KV ,985 ,PHD ,0304 ,French ,  ,  ,20,8,12,0,14,0,2,0,0,0,0,4,0,2,0,4,16,10KS0304PHD
120118 ,KV ,  ,  ,  ,Liberal Arts & Sci ,  ,***College total*** ,13889,6921,6959,9,7461,1789,891,981,20,23,267,2329,128,1005,101,9980,3909, 
 ,,,,,,,,,,,,,,,,,,,,,,,,,
 ,,,,,,,,,,,,,,,,,,,,,,,,,
120118 ,KW ,  ,  ,  ,General Studies ,  ,  ,  ,  ,  ,  ,  ,  ,  ,  ,  ,  ,  ,  ,  ,  ,  ,  ,  , 
120118 ,KW ,605 ,NONE ,5083 ,Undeclared ,  ,  ,2927,1604,1323,0,1683,406,194,294,2,7,65,258,18,224,16,2550,377,10KW5083NONE
120118 ,KW ,  ,  ,  ,General Studies ,  ,***College total*** ,2927,1604,1323,0,1683,406,194,294,2,7,65,258,18,224,16,2550,377, 
 ,,,,,,,,,,,,,,,,,,,,,,,,,
 ,,,,,,,,,,,,,,,,,,,,,,,,,
120118 ,KY ,  ,  ,  ,Applied Health Sci ,  ,  ,  ,  ,  ,  ,  ,  ,  ,  ,  ,  ,  ,  ,  ,  ,  ,  ,  , 
120118 ,KY ,581 ,BS ,0349 ,Community Health ,  ,  ,88,26,62,0,50,6,16,14,0,0,2,0,0,17,0,77,11,10KY0349BS
120118 ,KY ,581 ,BS ,0349 ,Community Health ,0473 ,Health Education ,142,24,117,1,60,24,38,14,1,0,5,0,0,39,2,139,3,10KY0473BS
120118 ,KY ,581 ,BS ,0349 ,Community Health ,0474 ,Health Planning & Admin ,243,66,176,1,110,47,47,28,1,2,5,2,1,48,2,240,3,10KY0474BS
120118 ,KY ,581 ,BS ,0349 ,Community Health ,0495 ,Rehab & Disability Studies ,92,27,65,0,53,7,14,15,0,0,2,0,1,16,0,89,3,10KY0495BS
120118 ,KY ,581 ,BS ,0351 ,Kinesiology ,  ,  ,554,219,334,1,405,47,28,49,2,2,10,8,3,30,4,521,33,10KY0351BS
120118 ,KY ,581 ,BS ,0351 ,Kinesiology ,4049 ,Teacher Education K-12 ,27,18,9,0,22,0,0,4,0,0,0,0,1,0,0,27,0,10KY4049BS
120118 ,KY ,581 ,BS ,5185 ,Athletic Training ,  ,  ,17,5,12,0,13,1,0,2,0,0,1,0,0,0,1,17,0,10KY5185BS
120118 ,KY ,581 ,MPH ,1630 ,Public Health ,  ,  ,30,8,22,0,13,11,2,1,0,0,0,3,0,2,0,22,8,10KS1630MPH
120118 ,KY ,581 ,MS ,0349 ,Community Health ,  ,  ,11,4,7,0,5,1,2,1,0,0,0,2,0,2,0,9,2,10KS0349MS
120118 ,KY ,581 ,MS ,0350 ,Rehabilitation ,  ,  ,10,3,7,0,8,0,1,0,0,0,1,0,0,2,0,8,2,10KS0350MS
120118 ,KY ,581 ,MS ,0351 ,Kinesiology ,  ,  ,15,7,8,0,9,0,0,0,0,0,0,6,0,0,0,6,9,10KS0351MS
120118 ,KY ,581 ,MSPH ,0349 ,Community Health ,  ,  ,1,1,0,0,0,0,1,0,0,0,0,0,0,1,0,1,0,10KS0349MSPH
120118 ,KY ,581 ,PHD ,0349 ,Community Health ,  ,  ,28,7,21,0,10,1,6,1,0,0,1,8,1,7,1,17,11,10KS0349PHD
120118 ,KY ,581 ,PHD ,0351 ,Kinesiology ,  ,  ,52,26,26,0,28,1,4,0,0,0,0,18,1,4,0,18,34,10KS0351PHD
120118 ,KY ,679 ,AUD ,1053 ,Audiology ,  ,  ,18,5,13,0,16,0,1,0,0,0,1,0,0,2,0,16,2,10KS1053AUD
120118 ,KY ,679 ,BS ,0354 ,Speech & Hearing Science ,  ,  ,118,4,114,0,101,5,0,8,0,0,2,2,0,1,0,111,7,10KY0354BS
120118 ,KY ,679 ,BS ,0354 ,Speech & Hearing Science ,4066 ,Human Communication Science ,2,0,2,0,2,0,0,0,0,0,0,0,0,0,0,2,0,10KY4066BS
120118 ,KY ,679 ,BS ,0354 ,Speech & Hearing Science ,4067 ,Audiology ,11,1,10,0,7,3,0,1,0,0,0,0,0,0,0,11,0,10KY4067BS
120118 ,KY ,679 ,BS ,0354 ,Speech & Hearing Science ,4068 ,Speech-Language Pathology ,169,7,162,0,148,5,1,10,0,1,1,3,0,1,1,166,3,10KY4068BS
120118 ,KY ,679 ,MA ,0354 ,Speech & Hearing Science ,  ,  ,55,2,53,0,51,2,0,0,0,0,1,0,1,0,1,50,5,10KS0354MA
120118 ,KY ,679 ,PHD ,0354 ,Speech & Hearing Science ,  ,  ,7,1,6,0,4,0,0,0,0,0,0,3,0,0,0,2,5,10KS0354PHD
120118 ,KY ,682 ,NDEG ,0067 ,Nondegree ,  ,  ,12,7,5,0,10,0,1,0,0,0,0,1,0,1,0,11,1,10KY0067NDEG
120118 ,KY ,714 ,BS ,4043 ,"Recreation, Sport, and Tourism ",  ,  ,75,55,20,0,52,1,9,5,0,0,1,7,0,10,0,63,12,10KY4043BS
120118 ,KY ,714 ,BS ,4043 ,"Recreation, Sport, and Tourism ",4044 ,Recreation Management ,32,10,22,0,25,1,3,3,0,0,0,0,0,3,0,28,4,10KY4044BS
120118 ,KY ,714 ,BS ,4043 ,"Recreation, Sport, and Tourism ",4045 ,Tourism Management ,44,11,33,0,33,3,1,4,0,0,1,2,0,1,0,39,5,10KY4045BS
120118 ,KY ,714 ,BS ,4043 ,"Recreation, Sport, and Tourism ",4046 ,Sports Management ,92,76,16,0,66,4,12,5,1,0,1,3,0,12,1,78,14,10KY4046BS
120118 ,KY ,714 ,BS ,4043 ,"Recreation, Sport, and Tourism ",5266 ,Sport Management ,82,65,17,0,57,3,6,10,1,0,1,4,0,6,1,74,8,10KY5266BS
120118 ,KY ,714 ,MS ,4043 ,"Recreation, Sport, and Tourism ",  ,  ,21,10,11,0,15,0,1,1,0,0,1,3,0,1,0,16,5,10KS4043MS
120118 ,KY ,714 ,PHD ,4043 ,"Recreation, Sport, and Tourism ",  ,  ,28,15,13,0,11,1,2,3,0,0,0,11,0,2,0,11,17,10KS4043PHD
120118 ,KY ,754 ,BS ,5204 ,Health ,  ,  ,58,16,42,0,34,8,8,3,0,0,2,0,3,9,1,56,2,10KY5204BS
120118 ,KY ,754 ,BS ,5204 ,Health ,5219 ,Health and Aging ,17,1,16,0,10,0,2,3,0,0,2,0,0,3,0,17,0,10KY5204BS
120118 ,KY ,754 ,BS ,5204 ,Health ,5220 ,Health Behavior Change ,43,14,29,0,31,8,2,1,0,0,1,0,0,3,0,41,2,10KY5204BS
120118 ,KY ,754 ,BS ,5204 ,Health ,5221 ,Health Diversity ,21,2,19,0,13,2,1,2,0,0,2,0,1,1,0,21,0,10KY5204BS
120118 ,KY ,  ,  ,  ,Applied Health Sci ,  ,***College total*** ,2215,743,1469,3,1472,192,209,188,6,5,44,86,13,224,15,2004,211, 
 ,,,,,,,,,,,,,,,,,,,,,,,,,
 ,,,,,,,,,,,,,,,,,,,,,,,,,
120118 ,LC ,  ,  ,  ,Veterinary Medicine ,  ,  ,  ,  ,  ,  ,  ,  ,  ,  ,  ,  ,  ,  ,  ,  ,  ,  ,  , 
120118 ,LC ,282 ,MS ,0361 ,VMS - Veterinary Pathobiology ,  ,  ,2,0,2,0,1,1,0,0,0,0,0,0,0,0,0,2,0,10KS0361MS
120118 ,LC ,282 ,MS ,5216 ,VMS - Pathobiology ,  ,  ,1,0,1,0,1,0,0,0,0,0,0,0,0,0,0,0,1,10KS5216MS
120118 ,LC ,282 ,NDEG ,0361 ,VMS - Veterinary Pathobiology ,  ,  ,1,0,1,0,1,0,0,0,0,0,0,0,0,0,0,0,1,10KS0361NDEG
120118 ,LC ,282 ,NDEG ,5216 ,VMS - Pathobiology ,  ,  ,4,2,2,0,4,0,0,0,0,0,0,0,0,0,0,0,4,10KS5216NDEG
120118 ,LC ,282 ,PHD ,0361 ,VMS - Veterinary Pathobiology ,  ,  ,8,7,1,0,4,1,0,0,0,0,0,3,0,0,0,2,6,10KS0361PHD
120118 ,LC ,282 ,PHD ,5216 ,VMS - Pathobiology ,  ,  ,4,2,2,0,2,0,0,0,0,0,0,2,0,0,0,1,3,10KS5216PHD
120118 ,LC ,444 ,DVM ,0480 ,Veterinary Medicine ,  ,  ,491,99,391,1,379,14,6,24,1,0,6,1,60,9,2,384,107,10LC0480DVM
120118 ,LC ,444 ,DVM ,0480 ,Veterinary Medicine ,0481 ,Vet Biosciences Res Scholars ,1,0,1,0,0,1,0,0,0,0,0,0,0,0,0,1,0,10LC0481DVM
120118 ,LC ,444 ,DVM ,0480 ,Veterinary Medicine ,0483 ,Vet Pathobiology Res Scholars ,1,0,1,0,1,0,0,0,0,0,0,0,0,0,0,1,0,10LC0483DVM
120118 ,LC ,598 ,MS ,0359 ,VMS-Veterinary Clinical Medcne ,  ,  ,25,5,20,0,21,0,1,2,0,0,0,1,0,1,0,7,18,10KS0359MS
120118 ,LC ,598 ,PHD ,0359 ,VMS-Veterinary Clinical Medcne ,  ,  ,5,2,3,0,3,1,0,0,0,0,0,1,0,0,0,1,4,10KS0359PHD
120118 ,LC ,873 ,MS ,0357 ,VMS - Veterinary Biosciences ,  ,  ,2,0,2,0,1,1,0,0,0,0,0,0,0,0,0,2,0,10KS0357MS
120118 ,LC ,873 ,MS ,5274 ,VMS - Comparative Biosciences ,  ,  ,1,1,0,0,1,0,0,0,0,0,0,0,0,0,0,1,0,10KS5274MS
120118 ,LC ,873 ,PHD ,0357 ,VMS - Veterinary Biosciences ,  ,  ,9,3,6,0,4,0,0,1,0,0,0,3,1,0,0,4,5,10KS0357PHD
120118 ,LC ,873 ,PHD ,0357 ,VMS - Veterinary Biosciences ,0358 ,Vet Biosciences Res Scholars ,2,2,0,0,0,0,0,0,0,0,0,2,0,0,0,0,2,10KS0358PHD
120118 ,LC ,873 ,PHD ,5274 ,VMS - Comparative Biosciences ,  ,  ,1,0,1,0,0,1,0,0,0,0,0,0,0,0,0,0,1,10KS5274PHD
120118 ,LC ,  ,  ,  ,Veterinary Medicine ,  ,***College total*** ,558,123,434,1,423,20,7,27,1,0,6,13,61,10,2,406,152, 
 ,,,,,,,,,,,,,,,,,,,,,,,,,
 ,,,,,,,,,,,,,,,,,,,,,,,,,
120118 ,LE ,  ,  ,  ,Institute of Aviation ,  ,  ,  ,  ,  ,  ,  ,  ,  ,  ,  ,  ,  ,  ,  ,  ,  ,  ,  , 
120118 ,LE ,707 ,AVIPC ,0487 ,Professional Pilot ,  ,  ,26,25,1,0,17,3,1,2,0,0,3,0,0,1,1,23,3,10LE0487AVIP
120118 ,LE ,707 ,BS ,0489 ,Aviation Human Factors ,  ,  ,70,65,5,0,55,6,2,5,0,0,0,2,0,2,0,63,7,10LE0489BS
120118 ,LE ,707 ,MS ,3530 ,Human Factors ,  ,  ,1,1,0,0,1,0,0,0,0,0,0,0,0,0,0,0,1,10KS3530MS
120118 ,LE ,707 ,NDEG ,0067 ,Nondegree ,  ,  ,1,1,0,0,1,0,0,0,0,0,0,0,0,0,0,1,0,10LE0067NDEG
120118 ,LE ,  ,  ,  ,Institute of Aviation ,  ,***College total*** ,98,92,6,0,74,9,3,7,0,0,3,2,0,3,1,87,11, 
 ,,,,,,,,,,,,,,,,,,,,,,,,,
 ,,,,,,,,,,,,,,,,,,,,,,,,,
120118 ,LG ,  ,  ,  ,Labor & Empl. Rel. ,  ,  ,  ,  ,  ,  ,  ,  ,  ,  ,  ,  ,  ,  ,  ,  ,  ,  ,  , 
120118 ,LG ,568 ,MHRIR ,0364 ,Human Res & Industrial Rels ,  ,  ,179,51,128,0,79,18,17,7,0,0,3,53,2,17,1,94,85,10KS0364MHRI
120118 ,LG ,568 ,PHD ,0364 ,Human Res & Industrial Rels ,  ,  ,12,5,7,0,2,0,1,0,0,0,0,9,0,1,0,4,8,10KS0364PHD
120118 ,LG ,  ,  ,  ,Labor & Empl. Rel. ,  ,***College total*** ,191,56,135,0,81,18,18,7,0,0,3,62,2,18,1,98,93, 
 ,,,,,,,,,,,,,,,,,,,,,,,,,
 ,,,,,,,,,,,,,,,,,,,,,,,,,
120118 ,LL ,  ,  ,  ,School of Social Work ,  ,  ,  ,  ,  ,  ,  ,  ,  ,  ,  ,  ,  ,  ,  ,  ,  ,  ,  , 
120118 ,LL ,783 ,BSW ,0365 ,Social Work ,  ,  ,107,11,96,0,65,6,17,13,0,0,4,0,2,18,2,104,3,10LL0365BSW
120118 ,LL ,783 ,MSW ,0365 ,Social Work ,  ,  ,22,4,18,0,14,1,4,1,0,0,0,2,0,4,0,19,3,10KS0365MSW
120118 ,LL ,783 ,MSW ,0365 ,Social Work ,5077 ,Health Care ,25,0,25,0,19,1,4,1,0,0,0,0,0,5,0,21,4,10KS0365MSW
120118 ,LL ,783 ,MSW ,0365 ,Social Work ,5078 ,Mental Health ,78,19,59,0,60,2,6,8,0,0,2,0,0,9,0,71,7,10KS0365MSW
120118 ,LL ,783 ,MSW ,0365 ,Social Work ,5079 ,School Social Work ,58,4,54,0,44,3,6,3,0,0,2,0,0,6,1,55,3,10KS0365MSW
120118 ,LL ,783 ,MSW ,0365 ,Social Work ,5217 ,"Advocacy, Ldrshp, Socl Change ",17,1,16,0,9,1,5,1,0,0,1,0,0,5,1,15,2,10KS0365MSW
120118 ,LL ,783 ,MSW ,0365 ,Social Work ,5218 ,"Children, Youth, Family Svcs ",40,6,34,0,30,1,7,2,0,0,0,0,0,7,0,38,2,10KS0365MSW
120118 ,LL ,783 ,PHD ,0365 ,Social Work ,  ,  ,25,4,21,0,8,1,0,0,0,0,1,15,0,0,0,8,17,10KS0365PHD
120118 ,LL ,  ,  ,  ,School of Social Work ,  ,***College total*** ,372,49,323,0,249,16,49,29,0,0,10,17,2,54,4,331,41, 
 ,,,,,,,,,,,,,,,,,,,,,,,,,
 ,,,,,,,,,,,,,,,,,,,,,,,,,
120118 ,LM ,  ,  ,  ,Provost Academic Programs ,  ,  ,  ,  ,  ,  ,  ,  ,  ,  ,  ,  ,  ,  ,  ,  ,  ,  ,  , 
120118 ,LM ,468 ,PHD ,5094 ,Informatics ,  ,  ,2,2,0,0,1,0,0,0,0,0,1,0,0,0,0,1,1,10KS5094PHD
120118 ,LM ,  ,  ,  ,Provost Academic Programs ,  ,***College total*** ,2,2,0,0,1,0,0,0,0,0,1,0,0,0,0,1,1, 
 ,,,,,,,,,,,,,,,,,,,,,,,,,
 ,,,,,,,,,,,,,,,,,,,,,,,,,
120118 ,LN ,  ,  ,  ,Online & Continuing Education ,  ,  ,  ,  ,  ,  ,  ,  ,  ,  ,  ,  ,  ,  ,  ,  ,  ,  ,  , 
120118 ,LN ,641 ,NDEG ,1249 ,Nondegree-CE ,  ,  ,102,29,73,0,85,8,3,4,0,0,0,0,2,3,0,3,99,10LN1249NDEJ
120118 ,LN ,641 ,NDEG ,1249 ,Nondegree-CE ,  ,  ,2,1,1,0,2,0,0,0,0,0,0,0,0,0,0,1,1,10LN1249NDEX
120118 ,LN ,  ,  ,  ,Online & Continuing Education ,  ,***College total*** ,104,30,74,0,87,8,3,4,0,0,0,0,2,3,0,4,100, 
 ,,,,,,,,,,,,,,,,,,,,,,,,,
 ,,,,,,,,,,,,,,,,,,,,,,,,,
120118 ,LP ,  ,  ,  ,Library & Info Sci ,  ,  ,  ,  ,  ,  ,  ,  ,  ,  ,  ,  ,  ,  ,  ,  ,  ,  ,  , 
120118 ,LP ,992 ,CAS ,0370 ,Library & Information Science ,  ,  ,13,2,11,0,11,1,0,0,0,0,0,1,0,0,0,10,3,10KS0370CAS
120118 ,LP ,992 ,CAS ,0370 ,Library & Information Science ,5069 ,Digital Libraries ,1,0,1,0,1,0,0,0,0,0,0,0,0,0,0,1,0,10KS0370CAS
120118 ,LP ,992 ,MS ,0370 ,Library & Information Science ,  ,  ,246,66,180,0,191,12,12,9,1,0,9,11,1,13,3,143,103,10KS0370MS
120118 ,LP ,992 ,MS ,0370 ,Library & Information Science ,  ,  ,10,3,7,0,8,0,1,0,0,0,1,0,0,1,1,8,2,10KS0370MSU
120118 ,LP ,992 ,MS ,4026 ,Bioinformatics ,5098 ,Library & Information Science ,3,3,0,0,3,0,0,0,0,0,0,0,0,0,0,3,0,10KS5098MS
120118 ,LP ,992 ,PHD ,0370 ,Library & Information Science ,  ,  ,47,18,29,0,25,5,3,2,0,0,0,12,0,3,1,20,27,10KS0370PHD
120118 ,LP ,  ,  ,  ,Library & Info Sci ,  ,***College total*** ,320,92,228,0,239,18,16,11,1,0,10,24,1,17,5,185,135, 
 ,,,,,,,,,,,,,,,,,,,,,,,,,
 ,,,,,,,,,,,,,,,,,,,,,,,,,